id,create_date,weight,default_code,product_tmpl_id,message_last_post,create_uid,write_uid,barcode,volume,write_date,active,image_url
208,3/6/18 17:44,0.336,BAR002x12,209,,1,1,7.79819E+12,1.44,4/28/21 15:36,TRUE,
209,3/6/18 17:44,2.688,BAR002x12x8,210,,1,1,1.77982E+13,12.3,4/28/21 17:45,TRUE,
210,3/6/18 17:44,3,BAR004x3x32,211,,1,6,,12.3,8/5/20 20:31,FALSE,
211,3/6/18 17:44,0.084,BAR004x3,212,,1,6,7.79819E+12,0.36,1/20/21 18:00,TRUE,
212,3/6/18 17:44,0.028,BAR004,213,,1,9,77955197,0.09,4/28/21 13:54,TRUE,
213,3/6/18 17:44,1.68,BAR004x60,214,,1,1,2.77982E+13,6,4/28/21 13:32,TRUE,
214,3/6/18 17:44,3,BAR002x3x32,215,,1,6,,12.3,8/5/20 20:31,FALSE,
215,3/6/18 17:44,0.084,BAR002x3,216,,1,6,7.79819E+12,0.36,1/20/21 18:00,TRUE,
216,3/6/18 17:44,0.336,BAR001x12,217,,1,1,7.79819E+12,1.44,4/28/21 15:36,TRUE,
217,3/6/18 17:44,2.688,BAR001x12x8,218,,1,1,1.77982E+13,12.3,4/28/21 17:45,TRUE,
218,3/6/18 17:44,3,BAR003x3x32,219,,1,6,,12.3,8/5/20 20:31,FALSE,
219,3/6/18 17:44,0.084,BAR003x3,220,,1,6,7.79819E+12,0.36,1/20/21 18:00,TRUE,
220,3/6/18 17:44,0.028,BAR002,221,,1,1,77955166,0.09,4/22/21 11:44,TRUE,
221,3/6/18 17:44,1.68,BAR002x60,222,,1,1,2.77982E+13,6,4/28/21 18:40,TRUE,
222,3/6/18 17:44,2.688,BAR004x12x8,223,,1,1,1.77982E+13,12.3,4/28/21 17:45,TRUE,
223,3/6/18 17:44,0.336,BAR004x12,224,,1,1,7.79819E+12,1.44,4/28/21 15:36,TRUE,
224,3/6/18 17:44,0.028,BAR003,225,,1,1,77955173,0.09,4/28/21 16:04,TRUE,
225,3/6/18 17:44,1.68,BAR003x60,226,,1,9,2.77982E+13,6,4/28/21 16:04,TRUE,
226,3/6/18 17:44,3.15,BAR001x3x32,227,,1,6,17798187760328 DISCONT.,12.3,8/5/20 20:30,FALSE,
227,3/6/18 17:44,0.084,BAR001x3,228,,1,6,7.79819E+12,0.36,1/20/21 18:00,TRUE,
228,3/6/18 17:44,0.028,BAR001,229,,1,9,77955159,0.09,4/27/21 12:25,TRUE,
229,3/6/18 17:44,1.68,BAR001x60,230,,1,1,2.77982E+13,6,4/28/21 18:40,TRUE,
230,3/6/18 17:44,2.688,BAR003x12x8,231,,1,1,1.77982E+13,12.3,4/28/21 17:45,TRUE,
231,3/6/18 17:44,0.336,BAR003x12,232,,1,1,7.79819E+12,1.44,4/28/21 15:35,TRUE,
232,3/6/18 17:44,0.336,MIX008x12,233,,1,1,7.79819E+12,2,4/22/21 16:31,TRUE,
233,3/6/18 17:44,1.68,MIX008x60,234,,1,1,1.77982E+13,6,4/28/21 18:44,TRUE,
234,3/6/18 17:44,2.688,MIX008x12x8,235,,1,1,2.77982E+13,20,4/23/21 12:33,TRUE,
235,3/6/18 17:44,0.028,MIX008,236,,1,1,77956545,0.18,4/20/21 10:53,TRUE,
236,3/6/18 17:44,0.336,MIX002x12,237,,1,1,7.79819E+12,2,4/28/21 15:34,TRUE,
237,3/6/18 17:44,1.68,MIX002x60,238,,1,1,2.00001E+13,6,4/28/21 18:44,TRUE,
238,3/6/18 17:44,2.688,MIX002x12x8,239,,1,1,1.77982E+13,20,4/28/21 14:15,TRUE,
239,3/6/18 17:44,0.028,MIX002,240,,1,1,77944856,0.18,4/20/21 10:47,TRUE,
240,3/6/18 17:44,0.336,MIX004x12,241,,1,1,7.79819E+12,2,4/28/21 15:38,TRUE,
241,3/6/18 17:44,1.68,MIX004x60,242,,1,1,2.00001E+13,6,4/28/21 13:31,TRUE,
242,3/6/18 17:44,2.688,MIX004x12x8,243,,1,1,1.77982E+13,20,4/27/21 13:04,TRUE,
243,3/6/18 17:44,0.028,MIX004,244,,1,1,77944870,0.18,4/20/21 10:50,TRUE,
244,3/6/18 17:44,0.336,MIX001x12,245,,1,1,7.79819E+12,2,4/22/21 16:31,TRUE,
245,3/6/18 17:44,1.68,MIX001x60,246,,1,1,2.00001E+13,6,4/28/21 18:44,TRUE,
246,3/6/18 17:44,2.688,MIX001x12x8,247,,1,1,1.77982E+13,20,4/28/21 13:32,TRUE,
247,3/6/18 17:44,0.028,MIX001,248,,1,1,77944849,0.18,4/20/21 10:44,TRUE,
248,3/6/18 17:44,3,GAL004x20,249,,1,1,1.77982E+13,16.6,4/28/21 17:45,TRUE,
249,3/6/18 17:44,3,GAL001x20,250,,1,1,1.77982E+13,16.6,4/28/21 17:45,TRUE,
250,3/6/18 17:44,0.15,GAL002,251,,1,1,7.79819E+12,0.82,4/28/21 15:38,TRUE,
251,3/6/18 17:44,0.028,GAL007,252,,1,1,77961723,0.25,2/5/21 20:22,TRUE,
252,3/6/18 17:44,3,GAL003x20,253,,1,1,,16.6,7/17/18 18:35,FALSE,
253,3/6/18 17:44,0.15,GAL004,254,,1,8,7.79819E+12,0.82,4/27/21 13:07,TRUE,
254,3/6/18 17:44,0.15,GAL001,255,,1,1,7.79819E+12,0.82,4/28/21 15:37,TRUE,
255,3/6/18 17:44,0.028,GAL006,256,,1,1,77961716,0.25,2/5/21 20:22,TRUE,
256,3/6/18 17:44,0.028,GAL005,257,,1,1,77961709,0.25,2/5/21 20:22,TRUE,
257,3/6/18 17:44,3,GAL002x20,258,,1,1,1.77982E+13,16.6,4/28/21 17:45,TRUE,
258,3/6/18 17:44,0.15,GAL003,259,,1,1,7.79819E+12,0.82,4/28/21 15:37,TRUE,
259,3/6/18 17:44,0.028,GAL008,260,,1,1,77961730,0.25,2/5/21 20:22,TRUE,
260,3/6/18 17:44,0.24,GRA006,261,,1,1,7.79819E+12,0.88,4/22/21 16:31,TRUE,
261,3/6/18 17:44,7,GRA003x7,262,,1,1,2.77982E+13,16.6,4/21/21 13:32,TRUE,
262,3/6/18 17:44,5.76,GRA006x24,263,,1,1,2.77982E+13,16.6,4/23/21 16:00,TRUE,
263,3/6/18 17:44,1,GRA003,264,,1,1,7.79819E+12,2.77,4/20/21 18:26,TRUE,
264,3/6/18 17:44,0.24,GRA005,265,,1,1,7.79819E+12,0.88,4/22/21 16:31,TRUE,
265,3/6/18 17:44,7,GRA002x7,266,,1,9,2.77982E+13,16.6,4/28/21 13:34,TRUE,
266,3/6/18 17:44,5.76,GRA005x24,267,,1,9,2.77982E+13,16.6,4/28/21 13:35,TRUE,
267,3/6/18 17:44,1,GRA002,268,,1,1,7.79819E+12,2.77,4/28/21 15:38,TRUE,
268,3/6/18 17:44,0.24,GRA007,269,,1,1,7.79819E+12,0.88,4/22/21 16:31,TRUE,
269,3/6/18 17:44,7,GRA008x7,270,,1,1,2.77982E+13,16.6,4/28/21 13:32,TRUE,
270,3/6/18 17:44,5.76,GRA007x24,271,,1,9,2.77982E+13,16.6,4/28/21 13:38,TRUE,
271,3/6/18 17:44,1,GRA008,272,,1,1,7.79819E+12,2.77,4/28/21 15:38,TRUE,
272,3/6/18 17:44,0.24,GRA004,273,,1,1,7.79819E+12,0.88,4/21/21 13:32,TRUE,
273,3/6/18 17:44,7,GRA001x7,274,,1,1,2.77982E+13,16.6,4/28/21 14:50,TRUE,
274,3/6/18 17:44,5.76,GRA004x24,275,,1,9,2.77982E+13,16.6,4/28/21 14:51,TRUE,
275,3/6/18 17:44,1,GRA001,276,,1,1,7.79819E+12,2.77,4/28/21 15:38,TRUE,
276,3/6/18 17:44,0,MKT004,277,,1,8,,0,10/6/20 17:16,TRUE,
421,3/6/18 19:37,,MP001,422,,1,1,,0,3/9/18 17:57,TRUE,
422,3/6/18 19:37,1,MP002,423,,1,1,,0,4/28/21 13:33,TRUE,
423,3/6/18 19:37,,MP002ST,424,,1,1,,0,4/28/21 13:54,TRUE,
424,3/6/18 19:37,1,MP003,425,,1,1,,0,4/28/21 13:26,TRUE,
425,3/6/18 19:37,,MP003ST,426,,1,1,,0,4/28/21 13:54,TRUE,
426,3/6/18 19:37,0.89,MP004,427,,1,1,,1,4/27/21 14:49,TRUE,
427,3/6/18 19:37,,MP005,428,,1,1,,0,4/28/21 13:33,TRUE,
428,3/6/18 19:37,,MP005ST,429,,1,1,,0,4/28/21 13:54,TRUE,
429,3/6/18 19:37,,MP006,430,,1,1,,0,11/5/20 18:28,TRUE,
430,3/6/18 19:37,,MP006ST,431,,1,1,,0,4/26/21 12:10,TRUE,
431,3/6/18 19:37,1,MP007,432,,1,1,,0,4/28/21 13:37,TRUE,
432,3/6/18 19:37,1,MP008,433,,1,1,,0,4/28/21 13:37,TRUE,
433,3/6/18 19:37,,MP009,434,,1,1,,0,4/27/21 14:49,TRUE,
434,3/6/18 19:37,1,MP010,435,,1,1,,0,4/27/21 14:49,TRUE,
435,3/6/18 19:37,,MP010ST,436,,1,1,,0,4/23/21 16:10,TRUE,
436,3/6/18 19:37,1,MP011,437,,1,1,,0,4/27/21 14:49,TRUE,
437,3/6/18 19:37,,MP012,438,,1,1,,0,4/16/21 17:42,TRUE,
438,3/6/18 19:37,1,MP013,439,,1,1,,0,4/28/21 13:33,TRUE,
439,3/6/18 19:37,,MP013ST,440,,1,1,,0,4/28/21 13:54,TRUE,
440,3/6/18 19:37,,MP014,441,,1,9,,0,4/23/21 16:12,TRUE,
441,3/6/18 19:37,,MP014ST,442,,1,1,,0,4/26/21 12:09,TRUE,
442,3/6/18 19:37,1,MP015,443,,1,1,,0,4/28/21 13:33,TRUE,
443,3/6/18 19:37,,MP015ST,444,,1,1,,0,4/27/21 12:25,TRUE,
444,3/6/18 19:37,1,MP016,445,,1,1,,0,4/27/21 14:41,TRUE,
445,3/6/18 19:37,,MP017ST,446,,1,1,,0,4/20/21 10:45,TRUE,
446,3/6/18 19:37,1,MP018,447,,1,1,,0,4/27/21 14:45,TRUE,
447,3/6/18 19:37,,MP019,448,,1,1,,0,4/27/21 14:49,TRUE,
448,3/6/18 19:37,,MP020ST,449,,1,1,,0,4/26/21 12:09,TRUE,
449,3/6/18 19:37,1,MP021,450,,1,1,,0,4/27/21 14:49,TRUE,
450,3/6/18 19:37,,MP022ST,451,,1,1,,0,4/28/21 13:54,TRUE,
451,3/6/18 19:37,1,MP023,452,,1,1,,0,4/28/21 13:37,TRUE,
452,3/6/18 19:37,,MP023ST,453,,1,1,,0,2/28/19 20:07,TRUE,
453,3/6/18 19:37,,MP024ST,454,,1,1,,0,4/20/21 10:48,TRUE,
454,3/6/18 19:37,,MP035ST,455,,1,1,,0,4/20/21 10:48,TRUE,
455,3/6/18 19:37,1,MP025,456,,1,1,,0,4/28/21 13:37,TRUE,
456,3/6/18 19:37,1,MP026,457,,1,1,,0,4/27/21 14:45,TRUE,
457,3/6/18 19:37,1,MP027,458,,1,1,,0,4/28/21 13:33,TRUE,
458,3/6/18 19:37,,MP027ST,459,,1,1,,0,4/20/21 10:41,TRUE,
459,3/6/18 19:37,,MP028ST,460,,1,1,,0,4/20/21 10:51,TRUE,
460,3/6/18 19:37,1,MP029,461,,1,1,,0,4/28/21 13:33,TRUE,
461,3/6/18 19:37,,MP029ST,462,,1,1,,0,4/26/21 12:09,TRUE,
462,3/6/18 19:37,1,MP030,463,,1,1,,0,4/28/21 13:37,TRUE,
463,3/6/18 19:37,1,MP031,464,,1,1,,0,4/28/21 13:37,TRUE,
464,3/6/18 19:37,,MP031ST,465,,1,1,,0,4/27/21 12:25,TRUE,
465,3/6/18 19:37,1,MP032,466,,1,1,,0,4/28/21 13:33,TRUE,
466,3/6/18 19:37,,MP033,467,,1,1,,0,4/28/21 13:37,TRUE,
467,3/6/18 19:37,,MP033ST,468,,1,1,,0,4/28/21 13:54,TRUE,
468,3/6/18 19:37,1,MP034ST,469,,1,1,,0,4/28/21 13:54,TRUE,
659,3/6/18 20:14,,IN094,592,,1,1,,,4/28/21 16:04,TRUE,
660,3/6/18 20:14,,IN105,593,,1,1,,,4/28/21 14:02,TRUE,
661,3/6/18 20:14,,IN060,594,,1,1,,,4/28/21 14:51,TRUE,
662,3/6/18 20:14,,IN106,595,,1,1,,,4/20/21 10:52,TRUE,
663,3/6/18 20:14,,IN101,596,,1,1,,,4/15/21 12:55,TRUE,
664,3/6/18 20:14,,IN104,597,,1,1,,,4/26/21 12:15,TRUE,
665,3/6/18 20:14,,IN102,598,,1,1,,,4/16/21 13:16,TRUE,
666,3/6/18 20:14,,IN103,599,,1,1,,,4/28/21 14:02,TRUE,
667,3/6/18 20:14,,IN107,600,,1,1,,,4/20/21 10:42,TRUE,
668,3/6/18 20:14,,IN110,601,,1,1,,,4/20/21 10:52,TRUE,
669,3/6/18 20:14,,IN109,602,,1,1,,,4/20/21 10:49,TRUE,
670,3/6/18 20:14,,IN108,603,,1,1,,,4/20/21 10:46,TRUE,
671,3/6/18 20:14,,IN111,604,,1,1,,,4/28/21 14:51,TRUE,
672,3/6/18 20:14,,IN113,605,,1,1,,,4/16/21 16:48,TRUE,
673,3/6/18 20:14,,IN114,606,,1,1,,,4/28/21 13:38,TRUE,
674,3/6/18 20:14,,IN112,607,,1,1,,,4/28/21 13:35,TRUE,
675,3/6/18 20:14,,IN115,608,,1,1,,,4/28/21 13:34,TRUE,
676,3/6/18 20:14,,IN128,609,,1,1,,,4/27/21 14:33,TRUE,
677,3/6/18 20:14,,IN124,610,,1,1,,,4/28/21 14:51,TRUE,
678,3/6/18 20:14,,IN120,611,,1,1,,,4/28/21 13:27,TRUE,
679,3/6/18 20:14,,IN126,612,,1,1,,,4/16/21 16:48,TRUE,
680,3/6/18 20:14,,IN122,613,,1,1,,,4/16/21 16:47,TRUE,
681,3/6/18 20:14,,IN129,614,,1,1,,,4/27/21 14:42,TRUE,
682,3/6/18 20:14,,IN127,615,,1,1,,,4/28/21 13:38,TRUE,
683,3/6/18 20:14,,IN123,616,,1,1,,,3/29/21 11:06,TRUE,
684,3/6/18 20:14,,IN130,617,,1,1,,,4/27/21 14:46,TRUE,
685,3/6/18 20:14,,IN131,618,,1,1,,,4/27/21 14:49,TRUE,
686,3/6/18 20:14,,IN125,619,,1,1,,,4/28/21 13:35,TRUE,
687,3/6/18 20:14,,IN121,620,,1,1,,,4/28/21 13:34,TRUE,
688,3/6/18 20:14,,IN116,621,,1,1,,,4/28/21 13:27,TRUE,
689,3/6/18 20:14,,IN118,622,,1,1,,,4/16/21 16:47,TRUE,
690,3/6/18 20:14,,IN119,623,,1,1,,,3/15/21 17:31,TRUE,
691,3/6/18 20:14,,IN117,624,,1,1,,,4/28/21 13:34,TRUE,
692,3/6/18 20:14,,IN095,625,,1,1,,,4/27/21 12:25,TRUE,
693,3/6/18 20:14,,IN096,626,,1,1,,,4/16/21 13:09,TRUE,
694,3/6/18 20:14,,IN097,627,,1,1,,,4/26/21 12:09,TRUE,
695,3/6/18 20:14,,IN098,628,,1,1,,,4/28/21 13:54,TRUE,
696,3/6/18 20:14,,IN053,629,,1,1,,,4/20/21 10:41,TRUE,
697,3/6/18 20:14,,IN100,630,,1,1,,,4/20/21 10:51,TRUE,
698,3/6/18 20:14,,IN040,631,,1,1,,,4/27/21 14:33,TRUE,
699,3/6/18 20:14,,IN055,632,,1,1,,,4/20/21 10:48,TRUE,
700,3/6/18 20:14,,IN054,633,,1,1,,,4/20/21 10:45,TRUE,
701,3/6/18 20:14,,IN041,634,,1,1,,,4/27/21 14:42,TRUE,
702,3/6/18 20:14,,IN042,635,,1,1,,,4/27/21 14:46,TRUE,
703,3/6/18 20:14,,IN043,636,,1,1,,,4/27/21 14:49,TRUE,
704,3/6/18 20:14,,IN019,637,,1,6,,,10/24/19 15:56,FALSE,
705,3/6/18 20:14,,IN091,638,,1,8,,,7/27/20 18:22,TRUE,
706,3/6/18 20:14,,IN099,639,,1,1,,,3/9/18 18:10,TRUE,
707,3/6/18 20:14,,IN200,640,,1,1,,,3/9/18 18:10,TRUE,
708,3/6/18 20:14,,IN202,641,,1,1,,,3/9/18 18:10,TRUE,
709,3/6/18 20:14,,IN203,642,,1,8,,,1/16/20 19:38,TRUE,
710,3/6/18 20:14,,IN204,643,,1,9,,,7/26/19 15:22,TRUE,
788,3/6/18 21:12,,P3BAR001x60,720,,1,1,,,6/24/19 20:31,TRUE,
789,3/6/18 21:12,,P3BAR002x60,721,,1,1,,,6/24/19 20:31,TRUE,
790,3/6/18 21:12,,P3BAR003x60,722,,1,8,,,7/17/19 18:33,TRUE,
791,3/6/18 21:12,,P3BAR004x60,723,,1,1,,,6/24/19 20:31,TRUE,
792,3/6/18 21:12,,P3MIX001x60,724,,1,13,,,2/9/21 19:55,TRUE,
793,3/6/18 21:12,,P3MIX002x60,725,,1,13,,,2/9/21 19:55,TRUE,
794,3/6/18 21:12,,P3MIX004x60,726,,1,13,,,2/9/21 19:56,TRUE,
795,3/6/18 21:12,,P3MIX008x60,727,,1,13,,,2/9/21 19:56,TRUE,
796,3/6/18 21:12,,P3GAL001,728,,1,13,,,4/26/21 19:10,TRUE,
797,3/6/18 21:12,,P3GAL002,729,,1,13,,,4/26/21 19:20,TRUE,
798,3/6/18 21:12,,P3GAL003,730,,1,13,,,4/26/21 19:20,TRUE,
799,3/6/18 21:12,,P3GAL004,731,,1,13,,,4/26/21 19:20,TRUE,
800,3/6/18 21:12,,P3GAL005,732,,1,13,,,4/26/21 19:22,TRUE,
801,3/6/18 21:12,,P3GAL006,733,,1,13,,,4/26/21 19:21,TRUE,
802,3/6/18 21:12,,P3GAL007,734,,1,13,,,4/26/21 19:09,TRUE,
803,3/6/18 21:12,,P3GAL008,735,,1,13,,,4/26/21 19:22,TRUE,
804,3/6/18 21:12,,P3GRA001,736,,1,13,,,4/8/21 17:41,TRUE,
805,3/6/18 21:12,,P3GRA002,737,,1,13,,,4/8/21 17:41,TRUE,
806,3/6/18 21:12,,P3GRA003,738,,1,13,,,4/8/21 17:41,TRUE,
807,3/6/18 21:12,,P3GRA008,739,,1,13,,,4/8/21 17:41,TRUE,
808,3/6/18 21:12,,P3GRA004,740,,1,13,,,4/8/21 17:49,TRUE,
809,3/6/18 21:12,,P3GRA005,741,,1,13,,,4/8/21 17:49,TRUE,
810,3/6/18 21:12,,P3GRA006,742,,1,13,,,4/8/21 17:49,TRUE,
811,3/6/18 21:12,,P3GRA007,743,,1,13,,,4/8/21 17:49,TRUE,
2415,3/7/18 19:52,,LOG001,2358,,1,6,,,2/27/19 14:55,FALSE,
2417,3/7/18 19:52,,LOG003,2360,,1,8,,,8/13/20 18:57,TRUE,
2418,3/7/18 19:52,,LOG004,2361,,1,8,,,2/15/19 17:14,TRUE,
2419,3/7/18 19:52,,LOG005,2362,,1,8,,,10/2/20 16:03,TRUE,
2420,3/7/18 19:52,,LOG006,2363,,1,6,,,3/3/20 12:26,TRUE,
2421,3/7/18 19:52,,LOG007,2364,,1,1,,,3/9/18 19:05,TRUE,
2422,3/7/18 19:52,,LOG008,2365,,1,8,,,2/13/19 20:48,TRUE,
2423,3/7/18 19:52,,LOG009,2366,,1,1,,,3/9/18 19:05,TRUE,
2424,3/7/18 19:52,,LOG010,2367,,1,8,,,2/21/20 17:19,TRUE,
2425,3/7/18 19:52,,LOG011,2368,,1,8,,,3/2/20 19:02,TRUE,
2426,3/7/18 19:52,,LOG012,2369,,1,8,,,11/29/19 14:56,TRUE,
2427,3/7/18 19:52,,LOG013,2370,,1,8,,,9/28/20 16:06,TRUE,
2428,3/7/18 19:52,,LOG014,2371,,1,6,,,2/27/20 15:04,TRUE,
2429,3/7/18 19:52,,LOG015,2372,,1,8,,,2/26/20 14:46,TRUE,
2430,3/7/18 19:52,,VTA001,2373,,1,6,,,2/27/19 14:55,FALSE,
2432,3/7/18 19:52,,VTA004,2375,,1,1,,,3/9/18 19:05,TRUE,
2433,3/7/18 19:52,,VTA006,2376,,1,6,,,12/19/19 13:44,TRUE,
2435,3/7/18 19:52,,VTA008,2378,,1,6,,,7/27/18 17:20,TRUE,
2436,3/7/18 19:52,,VTA009,2379,,1,6,,,11/22/19 15:29,TRUE,
2437,3/7/18 19:52,,VTA010,2380,,1,1,,,3/9/18 19:05,TRUE,
2438,3/7/18 19:52,,VTA011,2381,,1,1,,,3/9/18 19:05,TRUE,
2439,3/7/18 19:52,,CAL001,2382,,1,8,,,9/20/19 19:36,TRUE,
2441,3/7/18 19:52,,CAL003,2384,,1,1,,,3/9/18 19:05,TRUE,
2443,3/7/18 19:52,,CAL005,2386,,1,1,,,3/9/18 19:05,TRUE,
2444,3/7/18 19:52,,CAL006,2387,,1,1,,,3/9/18 19:05,TRUE,
2446,3/7/18 19:52,,EST002,2389,,1,6,,,2/27/19 14:56,FALSE,
2448,3/7/18 19:52,,EST004,2391,,1,6,,,2/27/19 14:55,FALSE,
2450,3/7/18 19:52,,EST006,2393,,1,1,,,3/9/18 19:05,TRUE,
2451,3/7/18 19:52,,EST007,2394,,1,1,,,3/9/18 19:05,TRUE,
2452,3/7/18 19:52,,EST008,2395,,1,1,,,3/9/18 19:05,TRUE,
2453,3/7/18 19:52,,EST009,2396,,1,1,,,3/9/18 19:05,TRUE,
2454,3/7/18 19:52,,EST010,2397,,1,6,,,2/14/20 16:39,TRUE,
2455,3/7/18 19:52,,EST011,2398,,1,8,,,6/25/19 15:50,TRUE,
2456,3/7/18 19:52,,EST012,2399,,1,1,,,3/9/18 19:05,TRUE,
2457,3/7/18 19:52,,EST013,2400,,1,8,,,8/2/19 13:20,TRUE,
2458,3/7/18 19:52,,EST014,2401,,1,1,,,3/9/18 19:05,TRUE,
2459,3/7/18 19:52,,EST015,2402,,1,8,,,5/31/19 13:31,TRUE,
2460,3/7/18 19:52,,EST016,2403,,1,1,,,3/9/18 19:05,TRUE,
2461,3/7/18 19:52,,EST017,2404,,1,1,,,3/9/18 19:05,TRUE,
2462,3/7/18 19:52,,EST018,2405,,1,8,,,1/16/19 14:13,TRUE,
2463,3/7/18 19:52,,EST019,2406,,1,1,,,3/9/18 19:05,TRUE,
2464,3/7/18 19:52,,EST020,2407,,1,1,,,3/9/18 19:05,TRUE,
2465,3/7/18 19:52,,EST021,2408,,1,1,,,3/9/18 19:05,TRUE,
2466,3/7/18 19:52,,EST022,2409,,1,6,,,1/14/21 18:24,TRUE,
2467,3/7/18 19:52,,EST023,2410,,1,13,,,1/8/21 17:16,TRUE,
2468,3/7/18 19:52,,EST024,2411,,1,6,,,8/20/19 17:21,TRUE,
2469,3/7/18 19:52,,EST025,2412,,1,1,,,3/9/18 19:05,TRUE,
2470,3/7/18 19:52,,EST026,2413,,1,9,,,10/21/19 20:09,TRUE,
2471,3/7/18 19:52,,EST027,2414,,1,8,,,5/8/20 18:31,TRUE,
2473,3/7/18 19:52,,EST029,2416,,1,1,,,3/9/18 19:05,TRUE,
2474,3/7/18 19:52,,EST030,2417,,1,1,,,3/9/18 19:05,TRUE,
2475,3/7/18 19:52,,EST031,2418,,1,1,,,3/9/18 19:05,TRUE,
2476,3/7/18 19:52,,EST032,2419,,1,8,,,3/1/19 19:51,TRUE,
2477,3/7/18 19:52,,EST033,2420,,1,8,,,4/1/20 20:59,TRUE,
2478,3/7/18 19:52,,EST034,2421,,1,1,,,3/9/18 19:05,TRUE,
2479,3/7/18 19:52,,EST035,2422,,1,1,,,3/9/18 19:05,TRUE,
2480,3/7/18 19:52,,EST036,2423,,1,1,,,3/9/18 19:05,TRUE,
2481,3/7/18 19:52,,EST037,2424,,1,1,,,3/9/18 19:05,TRUE,
2482,3/7/18 19:52,,EST038,2425,,1,1,,,3/9/18 19:05,TRUE,
2483,3/7/18 19:52,,EST039,2426,,1,1,,,3/9/18 19:05,TRUE,
2484,3/7/18 19:52,,EST040,2427,,1,1,,,3/9/18 19:05,TRUE,
2485,3/7/18 19:52,,EST041,2428,,1,1,,,3/9/18 19:05,TRUE,
2486,3/7/18 19:52,,EST042,2429,,1,1,,,3/9/18 19:05,TRUE,
2487,3/7/18 19:52,,EST043,2430,,1,1,,,3/9/18 19:05,TRUE,
2488,3/7/18 19:52,,EST044,2431,,1,6,,,1/2/20 20:46,TRUE,
2489,3/7/18 19:52,,EST045,2432,,1,1,,,3/9/18 19:05,TRUE,
2490,3/7/18 19:52,,EST046,2433,,1,1,,,3/9/18 19:05,TRUE,
2491,3/7/18 19:52,,EST047,2434,,1,1,,,3/9/18 19:05,TRUE,
2492,3/7/18 19:52,,EST048,2435,,1,8,,,1/16/19 14:58,TRUE,
2493,3/7/18 19:52,,EST049,2436,,1,1,,,3/9/18 19:05,TRUE,
2494,3/7/18 19:52,,EST050,2437,,1,1,,,3/9/18 19:05,TRUE,
2495,3/7/18 19:52,,EST051,2438,,1,6,,,12/1/20 19:58,TRUE,
2496,3/7/18 19:52,,EST052,2439,,1,1,,,3/9/18 19:05,TRUE,
2497,3/7/18 19:52,,EST053,2440,,1,1,,,3/9/18 19:05,TRUE,
2498,3/7/18 19:52,,EST054,2441,,1,1,,,3/9/18 19:05,TRUE,
2500,3/7/18 19:52,,EST056,2443,,1,1,,,3/9/18 19:05,TRUE,
2501,3/7/18 19:52,,EST057,2444,,1,1,,,3/9/18 19:05,TRUE,
2502,3/7/18 19:52,,EST058,2445,,1,1,,,3/9/18 19:05,TRUE,
2503,3/7/18 19:52,,EST059,2446,,1,8,,,1/16/19 18:11,TRUE,
2506,3/7/18 19:52,,ID003,2449,,1,1,,,3/9/18 19:05,TRUE,
2507,3/7/18 19:52,,ID004,2450,,1,1,,,3/9/18 19:05,TRUE,
2508,3/7/18 19:52,,ID005,2451,,1,1,,,3/9/18 19:05,TRUE,
2509,3/7/18 19:52,,ID006,2452,,1,8,,,12/13/19 20:10,TRUE,
2510,3/7/18 19:52,,ID007,2453,,1,9,,,7/27/20 15:42,TRUE,
2511,3/7/18 19:52,,ID008,2454,,1,6,,,11/6/19 19:19,TRUE,
2512,3/7/18 19:52,,ID009,2455,,1,1,,,3/9/18 19:05,TRUE,
2513,3/7/18 19:52,,ID010,2456,,1,6,,,8/26/19 13:47,TRUE,
2517,3/7/18 19:52,,FAB004,2460,,1,6,,,2/27/19 14:55,FALSE,
2518,3/7/18 19:52,,FAB005,2461,,1,6,,,2/27/19 14:55,FALSE,
2520,3/7/18 19:52,,FAB007,2463,,1,1,,,3/9/18 19:05,TRUE,
2521,3/7/18 19:52,,FAB008,2464,,1,8,,,7/31/20 10:03,TRUE,
2523,3/7/18 19:52,,FAB011,2466,,1,13,,,4/13/21 16:30,TRUE,
2524,3/7/18 19:52,,FAB012,2467,,1,1,,,3/9/18 19:05,TRUE,
2525,3/7/18 19:52,,FAB013,2468,,1,8,,,4/28/20 18:37,TRUE,
2526,3/7/18 19:52,,FAB014,2469,,1,1,,,3/9/18 19:05,TRUE,
2527,3/7/18 19:52,,MKT001,2470,,1,1,,,3/9/18 19:05,TRUE,
2528,3/7/18 19:52,,MKT002,2471,,1,1,,,3/9/18 19:05,TRUE,
2529,3/7/18 19:52,,MKT003,2472,,1,1,,,3/9/18 19:05,TRUE,
2531,3/7/18 19:52,,MKT005,2474,,1,1,,,3/9/18 19:05,TRUE,
2532,3/7/18 19:52,,MKT006,2475,,1,1,,,3/9/18 19:05,TRUE,
2533,3/7/18 19:52,,MKT007,2476,,1,1,,,3/9/18 19:05,TRUE,
2534,3/7/18 19:52,,MKT008,2477,,1,1,,,3/9/18 19:05,TRUE,
2535,3/7/18 19:52,,MKT009,2478,,1,1,,,3/9/18 19:05,TRUE,
2536,3/7/18 19:52,,MKT010,2479,,1,8,,,8/3/18 18:56,TRUE,
2537,3/7/18 19:52,,MKT011,2480,,1,1,,,3/9/18 19:05,TRUE,
2538,3/7/18 19:52,,MKT012,2481,,1,1,,,3/9/18 19:05,TRUE,
2539,3/7/18 19:52,,MKT013,2482,,1,8,,,11/13/18 20:44,TRUE,
2540,3/7/18 19:52,,MKT014,2483,,1,9,,,12/23/20 11:57,TRUE,
2541,3/7/18 19:52,,MKT015,2484,,1,9,,,11/9/20 12:40,TRUE,
2543,3/7/18 19:52,,MKT017,2486,,1,1,,,3/9/18 19:05,TRUE,
2544,3/7/18 19:52,,MKT018,2487,,1,1,,,3/9/18 19:05,TRUE,
2545,3/7/18 19:52,,MKT019,2488,,1,1,,,3/9/18 19:05,TRUE,
2546,3/7/18 19:52,,MKT020,2489,,1,1,,,3/9/18 19:05,TRUE,
2547,3/7/18 19:52,,MKT021,2490,,1,1,,,3/9/18 19:05,TRUE,
2548,3/7/18 19:52,,MKT022,2491,,1,1,,,3/9/18 19:05,TRUE,
2549,3/7/18 19:52,,MKT023,2492,,1,1,,,3/9/18 19:05,TRUE,
2550,3/7/18 19:52,,MKT024,2493,,1,1,,,3/9/18 19:05,TRUE,
2551,3/7/18 19:52,,MKT025,2494,,1,1,,,3/9/18 19:05,TRUE,
2552,3/7/18 19:52,,MKT026,2495,,1,1,,,3/9/18 19:05,TRUE,
2553,3/7/18 19:52,,MKT027,2496,,1,6,,,8/17/18 15:41,TRUE,
2554,3/7/18 19:52,,MKT028,2497,,1,1,,,3/9/18 19:05,TRUE,
2555,3/7/18 19:52,,MKT029,2498,,1,1,,,3/9/18 19:05,TRUE,
2556,3/7/18 19:52,,MKT030,2499,,1,1,,,3/9/18 19:05,TRUE,
2557,3/7/18 19:52,,MKT031,2500,,1,1,,,3/9/18 19:05,TRUE,
2558,3/7/18 19:52,,MKT032,2501,,1,1,,,3/9/18 19:05,TRUE,
2559,3/7/18 19:52,,MKT033,2502,,1,1,,,3/9/18 19:05,TRUE,
2560,3/7/18 19:52,,MKT034,2503,,1,1,,,2/1/21 16:50,TRUE,
2561,3/7/18 20:01,,FAB009,2504,,1,1,,,3/7/18 20:01,TRUE,
2563,3/7/18 20:07,,VTA005,2506,,1,1,,,3/7/18 20:07,TRUE,
2910,3/25/18 21:27,,PIGRA001,2579,,6,1,,,4/28/21 14:51,TRUE,
2911,3/25/18 21:27,,PIGRA002,2580,,6,1,,,4/28/21 13:35,TRUE,
2912,3/25/18 21:27,,PIGRA003,2581,,6,1,,,4/16/21 16:48,TRUE,
2913,3/25/18 21:28,,PIGRA007,2582,,6,1,,,4/28/21 13:38,TRUE,
2914,3/26/18 14:58,,P3BAR001x96,2583,,6,1,,,6/24/19 20:31,TRUE,
2915,3/26/18 15:00,,P3BAR004x96,2584,,6,1,,,6/24/19 20:31,TRUE,
2916,3/26/18 15:01,,P3BAR002x96,2585,,6,1,,,6/24/19 20:31,TRUE,
2917,3/26/18 15:02,,P3BAR003x96,2586,,6,1,,,6/24/19 20:31,TRUE,
2918,3/26/18 15:28,,P3MIX008x96,2587,,6,13,,,2/9/21 19:56,TRUE,
2919,3/26/18 15:32,,P3MIX004x96,2588,,6,13,,,2/9/21 19:56,TRUE,
2920,3/26/18 15:33,,MIX002x96,2589,,6,6,,,3/26/18 15:34,TRUE,
2921,3/26/18 15:34,,P3MIX001x96,2590,,6,13,,,2/9/21 19:57,TRUE,
2922,3/26/18 15:36,,P3MIX002x96,2591,,6,13,,,2/9/21 19:57,TRUE,
2923,5/16/18 15:08,,,2592,,1,1,,,2/27/19 14:41,FALSE,
2924,5/28/18 20:14,1.68,GAL005x60,2593,,6,1,1.00001E+13,6,4/28/21 13:32,TRUE,
2925,5/28/18 20:20,1.68,GAL006x60,2594,,6,1,1.00001E+13,6,4/28/21 13:32,TRUE,
2926,5/28/18 20:21,1.68,GAL007x60,2595,,6,1,1.00001E+13,6,4/28/21 13:32,TRUE,
2927,5/28/18 20:23,1.68,GAL008x60,2596,,6,9,1.00001E+13,6,4/27/21 14:51,TRUE,
2934,6/26/18 13:47,3,GAL003x20,2603,,1,1,1.77982E+13,16.6,4/28/21 17:45,TRUE,
2936,7/10/18 14:08,0,,2605,,6,8,,0,3/9/20 15:34,TRUE,
2937,7/10/18 15:02,0,,2606,,6,6,,0,7/10/18 15:02,TRUE,
2938,7/10/18 15:05,0,,2607,,6,6,,0,7/10/18 15:05,TRUE,
2939,7/10/18 15:42,0,,2608,,6,6,,0,7/10/18 15:45,TRUE,
2940,7/10/18 19:33,0,EST002,2609,,6,8,,0,1/14/20 15:05,TRUE,
2941,7/10/18 19:34,0,GF005,2610,,6,6,,0,7/16/20 19:59,TRUE,
2942,7/11/18 14:40,,IN135,2611,,6,1,,,4/27/21 14:35,TRUE,
2943,7/11/18 14:40,,IN132,2612,,6,1,,,4/27/21 14:43,TRUE,
2944,7/11/18 14:40,,IN134,2613,,6,1,,,4/27/21 14:48,TRUE,
2945,7/11/18 14:41,,IN133,2614,,6,1,,,4/27/21 14:51,TRUE,
2946,7/11/18 14:46,,PIGAL001,2615,,6,1,,,4/27/21 14:35,TRUE,
2947,7/11/18 14:47,,PIGAL002,2616,,6,1,,,4/27/21 14:43,TRUE,
2948,7/11/18 14:47,,PIGAL003,2617,,6,1,,,4/27/21 14:48,TRUE,
2949,7/11/18 14:47,,PIGAL004,2618,,6,1,,,4/27/21 14:51,TRUE,
2950,7/11/18 16:12,,IN137,2619,,6,1,,,4/27/21 14:43,TRUE,
2951,7/11/18 16:13,,IN136,2620,,6,1,,,4/27/21 14:35,TRUE,
2952,7/11/18 16:13,,IN138,2621,,6,1,,,4/27/21 14:48,TRUE,
2953,7/11/18 16:13,,IN139,2622,,6,1,,,4/27/21 14:51,TRUE,
2955,7/11/18 18:04,0,,2624,,6,8,,0,5/20/19 18:55,TRUE,
2957,7/11/18 18:45,0,,2626,,6,6,,0,3/29/19 14:49,FALSE,
2958,7/12/18 23:31,0,GTS003,2627,,6,8,,0,9/3/19 14:37,TRUE,
2959,7/12/18 23:33,0,,2628,,6,6,,0,3/29/19 14:48,FALSE,
2960,7/12/18 23:39,0,,2629,,6,6,,0,12/27/19 17:27,TRUE,
2961,7/12/18 23:45,0,,2630,,6,6,,0,3/29/19 14:49,FALSE,
2962,7/12/18 23:45,,,2631,,6,6,,,3/29/19 14:49,FALSE,
2965,7/13/18 18:50,,,2634,,6,6,,,7/13/18 18:50,TRUE,
2966,7/13/18 18:52,,,2635,,6,6,,,7/13/18 18:52,TRUE,
2967,7/14/18 0:07,0,,2636,,6,6,,0,7/14/18 0:07,TRUE,
2968,7/15/18 12:47,,,2637,,6,6,,,3/29/19 14:49,FALSE,
2975,7/24/18 20:23,,,2644,,7,1,,,8/14/18 18:06,FALSE,
2976,7/27/18 15:44,0,VTA012,2645,,6,6,,0,3/11/19 14:07,TRUE,
2977,7/27/18 18:14,0,,2646,,6,6,,0,7/27/18 18:14,TRUE,
2989,8/1/18 23:03,0,CO001,2658,,6,6,,0,2/26/21 20:09,TRUE,
2990,8/7/18 19:19,,VTA013,2659,,6,6,,,3/11/19 14:08,TRUE,
2991,8/9/18 18:39,,,2660,,6,6,,,8/9/18 18:39,TRUE,
2992,8/9/18 19:17,,,2661,,6,6,,,9/28/18 14:17,FALSE,
2993,8/10/18 15:28,,,2662,,6,8,,,3/19/19 20:49,FALSE,
2994,8/14/18 19:02,,,2663,,6,6,,,9/27/19 13:35,TRUE,
2995,8/17/18 19:41,,IN144,2664,,6,1,,,4/23/21 18:28,TRUE,
2996,8/17/18 19:42,,IN147,2665,,6,1,,,4/26/21 11:38,TRUE,
2997,8/17/18 19:42,,IN146,2666,,6,1,,,4/14/21 11:56,TRUE,
2998,8/17/18 19:42,,IN145,2667,,6,1,,,4/22/21 11:44,TRUE,
2999,8/24/18 21:00,,,2668,,1,6,,,11/2/18 15:53,TRUE,
3000,8/24/18 21:00,,,2669,,1,1,,,8/24/18 21:00,TRUE,
3002,8/24/18 21:01,,,2671,,1,1,,,10/9/18 20:07,FALSE,
3003,8/31/18 18:04,,,2672,,6,6,,,12/6/18 13:54,FALSE,
3004,8/31/18 23:37,0,,2673,,6,8,,0,12/9/19 16:30,TRUE,
3005,9/4/18 16:15,,,2674,,6,9,,,4/26/21 15:37,TRUE,
3006,9/7/18 13:24,,,2675,,6,6,,,9/7/18 13:24,TRUE,
3014,9/19/18 14:04,,CAL008,2683,,6,8,,,11/14/19 18:57,TRUE,
3015,9/19/18 18:01,,GF002,2684,,6,8,,,7/16/19 14:26,TRUE,
3017,9/20/18 20:08,,,2686,,1,1,,,2/12/19 20:45,TRUE,
3018,9/20/18 20:09,,,2687,,1,6,,,5/2/19 19:15,TRUE,
3019,9/20/18 21:33,,,2688,,6,6,,,9/21/18 12:01,FALSE,
3021,9/25/18 13:31,,,2690,,6,8,,,11/8/18 18:29,TRUE,
3022,9/25/18 13:31,,,2691,,6,1,,,3/30/20 18:22,TRUE,
3023,9/25/18 13:31,,,2692,,6,8,,,6/28/19 19:46,TRUE,
3027,9/26/18 19:42,,,2696,,6,6,,,5/29/19 15:06,TRUE,
3028,9/28/18 13:52,,,2697,,6,6,,,3/29/19 14:49,FALSE,
3029,9/28/18 14:06,,,2698,,6,1,,,2/4/21 15:44,TRUE,
3030,9/28/18 14:20,,,2699,,6,6,,,9/28/18 14:20,TRUE,
3031,10/2/18 20:49,,,2700,,6,8,,,1/15/19 14:02,TRUE,
3032,10/2/18 20:50,,,2701,,6,6,,,10/2/18 20:50,TRUE,
3034,10/5/18 20:52,,,2703,,9,6,,,12/6/18 13:54,FALSE,
3035,10/8/18 19:27,,,2704,,9,6,,,12/6/18 13:54,FALSE,
3036,10/9/18 21:51,,,2705,,6,6,,,10/9/18 21:51,TRUE,
3038,10/10/18 12:45,,,2707,,7,7,,,10/10/18 12:45,TRUE,
3042,10/17/18 19:58,,P3BAR001x32,2711,,9,6,,,8/11/20 12:31,FALSE,
3043,10/17/18 20:00,,P3BAR002x32],2712,,9,6,,,8/11/20 12:31,FALSE,
3044,10/17/18 20:01,,P3BAR003x32,2713,,9,6,,,8/11/20 12:31,FALSE,
3045,10/17/18 20:01,,P3BAR004x32,2714,,9,6,,,8/11/20 12:31,FALSE,
3046,10/18/18 18:40,,,2715,,6,6,,,10/18/18 18:42,TRUE,
3048,10/26/18 18:32,,,2717,,6,8,,,1/7/20 19:39,TRUE,
3049,10/30/18 18:08,,,2718,,6,6,,,10/30/18 18:08,TRUE,
3050,11/5/18 16:04,,,2719,,6,6,,,11/5/18 16:04,TRUE,
3051,11/5/18 17:41,,,2720,,6,8,,,2/15/19 17:11,TRUE,
3055,11/22/18 13:53,0,,2724,,6,6,,0,11/22/18 13:53,TRUE,
3060,11/28/18 20:05,,,2729,,8,6,,,12/6/18 13:51,FALSE,
3061,11/28/18 20:34,,,2730,,6,6,,,3/11/19 16:48,FALSE,
3062,11/29/18 15:02,,,2731,,1,1,,,11/29/18 15:02,TRUE,
3068,12/10/18 15:47,,,2737,,6,6,,,12/10/18 15:47,TRUE,
3074,12/17/18 23:59,,,2743,,6,6,,,11/27/19 16:36,TRUE,
3077,12/19/18 15:36,,P3BARx3,2746,,9,6,,,11/25/20 20:31,TRUE,
3080,1/3/19 19:38,,,2749,,8,8,,,1/3/19 19:38,TRUE,
3083,1/11/19 17:10,,,2752,,6,8,,,5/31/19 19:12,TRUE,
3084,1/16/19 14:59,0,GF006,2753,,8,8,,0,1/14/20 15:26,TRUE,
3085,1/24/19 14:34,0,MKT120,2754,,8,6,,0,5/9/19 16:22,TRUE,
3086,1/24/19 15:39,0,ID011,2755,,8,8,,0,6/4/19 16:23,TRUE,
3087,1/24/19 18:26,0,GF001,2756,,8,8,,0,9/20/19 19:37,TRUE,
3088,1/24/19 18:43,0,FAB015,2757,,8,8,,0,1/24/19 20:58,TRUE,
3090,1/31/19 14:45,,,2759,,6,8,,,1/31/19 15:04,TRUE,
3091,1/31/19 18:29,0,,2760,,8,8,,0,1/27/20 20:34,TRUE,
3092,2/1/19 13:45,0,,2761,,8,8,,0,2/1/19 13:48,TRUE,
3098,3/6/19 14:51,0,EST061,2767,,8,6,,0,7/12/19 12:22,TRUE,
3099,3/7/19 12:15,0,,2768,,8,8,,0,8/9/19 15:37,TRUE,
3102,3/21/19 17:40,,,2771,,8,6,,,7/3/19 19:05,FALSE,
3104,3/27/19 14:53,,,2773,,6,6,,,3/27/19 14:53,TRUE,
3105,4/4/19 15:56,,,2774,,6,6,,,7/3/19 19:05,FALSE,
3106,4/16/19 13:38,,,2775,,8,6,,,7/3/19 19:05,FALSE,
3107,4/22/19 14:01,,IN140,2776,,9,6,,,8/11/20 12:31,FALSE,
3108,4/22/19 14:02,,IN141,2777,,9,6,,,8/11/20 12:31,FALSE,
3109,4/22/19 14:02,,IN142,2778,,9,6,,,8/11/20 12:31,FALSE,
3110,4/22/19 14:03,,IN143,2779,,9,6,,,8/11/20 12:31,FALSE,
3111,4/24/19 13:52,,IN148,2780,,6,1,,,4/26/21 11:38,TRUE,
3112,4/26/19 16:14,,GF003,2781,,6,8,,,9/20/19 15:59,TRUE,
3113,5/14/19 14:41,,,2782,,6,6,,,3/6/20 15:44,TRUE,
3114,5/15/19 17:18,1.344,BAR001x3x16,2783,,6,1,1.77982E+13,5.44,4/26/21 15:22,TRUE,
3115,5/15/19 17:20,1.344,BAR004x3x16,2784,,6,9,1.77982E+13,5.44,4/26/21 11:38,TRUE,
3116,5/15/19 17:21,1.344,BAR002x3x16,2785,,6,1,1.77982E+13,5.44,4/27/21 15:21,TRUE,
3117,5/15/19 17:21,1.344,BAR003x3x16,2786,,6,1,1.77982E+13,5.44,4/23/21 12:33,TRUE,
3118,5/15/19 18:21,,IN149,2787,,6,1,,,4/23/21 18:28,TRUE,
3119,5/15/19 18:23,,IN150,2788,,6,1,,,4/22/21 11:44,TRUE,
3120,5/15/19 18:23,,IN151,2789,,6,1,,,4/13/21 18:24,TRUE,
3121,5/15/19 18:24,,IN152,2790,,6,1,,,4/19/21 11:56,TRUE,
3122,5/15/19 18:31,,P3BAR001x3x16,2791,,6,1,,,6/24/19 20:31,TRUE,
3123,5/15/19 18:32,,P3BAR004x3x16,2792,,6,1,,,6/24/19 20:31,TRUE,
3124,5/15/19 18:33,,P3BAR002x3x16,2793,,6,1,,,6/24/19 20:31,TRUE,
3125,5/15/19 18:34,,P3BAR003x3x16,2794,,6,1,,,6/24/19 20:31,TRUE,
3126,5/17/19 20:17,,,2795,,8,6,,,8/5/20 20:46,FALSE,
3127,5/22/19 13:03,,,2796,,6,1,,,2/1/21 16:49,TRUE,
3128,5/22/19 13:05,,,2797,,6,1,,,3/19/21 12:51,TRUE,
3129,5/23/19 20:49,,,2798,,6,6,,,7/3/19 19:05,FALSE,
3130,5/24/19 13:03,,,2799,,6,8,,,11/1/19 18:59,TRUE,
3131,5/28/19 13:03,,,2800,,6,6,,,5/28/19 13:03,TRUE,
3132,5/29/19 16:23,,,2801,,6,6,,,7/3/19 19:05,FALSE,
3133,5/30/19 0:24,,,2802,,6,6,,,5/30/19 0:24,TRUE,
3134,5/30/19 0:25,,,2803,,6,6,,,5/30/19 0:25,TRUE,
3135,5/30/19 0:25,,,2804,,6,6,,,5/30/19 0:25,TRUE,
3136,5/30/19 0:26,,FAB019,2805,,6,6,,,2/11/20 13:47,TRUE,
3137,5/30/19 0:26,,,2806,,6,6,,,5/30/19 0:26,TRUE,
3138,5/30/19 0:27,,,2807,,6,6,,,5/30/19 0:27,TRUE,
3139,5/30/19 0:27,,,2808,,6,6,,,5/30/19 0:27,TRUE,
3140,5/30/19 0:27,,,2809,,6,6,,,5/30/19 0:27,TRUE,
3141,5/30/19 22:12,,,2810,,6,6,,,5/30/19 22:12,TRUE,
3142,6/3/19 14:30,,,2811,,9,6,,,7/3/19 19:04,FALSE,
3143,6/3/19 14:35,,,2812,,9,6,,,7/3/19 19:05,FALSE,
3144,6/3/19 17:43,,,2813,,9,6,,,8/5/20 20:46,FALSE,
3145,6/14/19 15:58,,,2814,,6,6,,,6/14/19 15:58,TRUE,
3146,6/14/19 16:32,,,2815,,6,6,,,6/14/19 16:32,TRUE,
3147,6/20/19 19:00,,,2816,,1,6,,,8/5/20 20:46,FALSE,
3148,6/24/19 17:57,,FAB016,2817,,6,6,,,6/24/19 17:58,TRUE,
3149,6/28/19 15:56,,,2818,,6,8,,,7/16/19 18:56,TRUE,
3150,6/28/19 20:23,,,2819,,8,8,,,6/28/19 20:23,TRUE,
3151,7/2/19 18:33,,,2820,,6,9,,,3/3/20 16:56,TRUE,
3152,7/3/19 16:10,,EST055,2821,,8,8,,,7/3/19 16:10,TRUE,
3153,7/3/19 19:07,,,2822,,6,6,,,7/16/19 18:19,TRUE,
3154,7/4/19 17:06,,FAB018,2823,,8,8,,,1/14/20 14:36,TRUE,
3155,7/4/19 17:08,,FAB017,2824,,8,8,,,12/26/19 17:25,TRUE,
3156,7/16/19 14:24,,GF004,2825,,8,8,,,7/16/19 14:25,TRUE,
3157,7/16/19 14:24,,,2826,,9,6,,,2/26/20 13:18,FALSE,
3158,7/17/19 16:56,0,GTS001,2827,,8,8,,0,1/29/20 18:37,TRUE,
3159,7/17/19 17:12,,GTS002,2828,,8,9,,,4/12/21 19:11,TRUE,
3161,8/2/19 19:51,0,GTS004,2830,,8,8,,0,8/2/19 19:56,TRUE,
3162,8/15/19 15:37,,,2831,,8,1,,,8/15/19 16:56,TRUE,
3163,8/22/19 14:39,,,2832,,9,6,,,2/26/20 13:18,FALSE,
3164,8/27/19 17:35,0,,2833,,8,8,,0,8/27/19 17:36,TRUE,
3167,9/9/19 20:30,,,2836,,9,6,,,2/26/20 13:18,FALSE,
3168,9/10/19 13:00,0,,2837,,6,6,,0,2/26/20 13:18,FALSE,
3169,9/24/19 13:56,0,EST062,2838,,8,8,,0,9/24/19 14:01,TRUE,
3170,9/24/19 14:52,,,2839,,7,6,,,2/26/20 13:18,FALSE,
3171,10/24/19 15:56,,,2840,,6,9,,,10/24/19 16:03,TRUE,
3181,11/6/19 17:19,,IN153,2850,,9,9,,,11/6/19 17:19,TRUE,
3182,11/7/19 17:05,,,2851,,9,6,,,2/26/20 13:17,FALSE,
3183,11/7/19 19:22,,,2852,,9,6,,,8/5/20 20:46,FALSE,
3184,11/11/19 19:54,,IN155,2853,,8,8,,,7/27/20 18:19,TRUE,
3187,11/14/19 19:55,,GTS005,2856,,8,8,,,11/14/19 19:58,TRUE,
3189,11/15/19 14:13,,PIZGAL002,2858,,9,1,,,4/21/21 17:29,TRUE,
3190,11/15/19 14:19,0,MP019ORG,2859,,9,1,,0,4/21/21 17:20,TRUE,
3191,11/15/19 14:23,0,MP017ORG,2860,,9,1,,0,4/21/21 17:19,TRUE,
3192,11/15/19 14:24,0,MP003ORG,2861,,9,1,,0,4/21/21 17:20,TRUE,
3193,11/15/19 14:26,0,MP004ORG,2862,,9,1,,0,4/21/21 17:20,TRUE,
3194,11/15/19 14:26,,MP008ORG,2863,,9,9,,,11/15/19 14:27,TRUE,
3195,11/15/19 14:31,0,MP011ORG,2864,,9,1,,0,4/21/21 17:19,TRUE,
3196,11/15/19 14:32,0,MP018ORGST,2865,,9,1,,0,4/21/21 17:20,TRUE,
3197,11/15/19 14:41,,PIZGAL001,2866,,9,1,,,4/21/21 17:24,TRUE,
3198,11/15/19 14:53,3,ZGAL001x20,2867,,9,1,1.77982E+13,16.6,4/28/21 18:07,TRUE,
3199,11/15/19 15:03,0,IN160,2868,,9,1,,0,4/21/21 17:24,TRUE,
3200,11/15/19 15:06,,IN164,2869,,9,1,,,4/21/21 17:24,TRUE,
3201,11/15/19 15:14,,P3ZGAL002,2870,,9,13,,,2/9/21 20:10,TRUE,
3202,11/15/19 15:16,,IN165,2871,,9,1,,,4/21/21 17:25,TRUE,
3203,11/15/19 15:17,,IN161,2872,,9,1,,,4/21/21 17:25,TRUE,
3204,11/15/19 15:22,3,ZGAL002x20,2873,,9,1,1.77982E+13,16.6,4/28/21 18:07,TRUE,
3205,11/15/19 15:28,1.68,ZGAL005x60,2874,,9,1,1.77982E+13,6,4/14/21 17:58,TRUE,
3206,11/15/19 15:34,,IN169,2875,,9,1,,,4/21/21 17:29,TRUE,
3207,11/15/19 15:34,,IN168,2876,,9,1,,,3/17/21 13:55,TRUE,
3208,11/15/19 15:35,,IN172,2877,,9,1,,,3/17/21 13:55,TRUE,
3209,11/15/19 15:36,,IN173,2878,,9,1,,,4/21/21 17:29,TRUE,
3210,11/15/19 15:36,,P3ZGAL005,2879,,9,13,,,2/9/21 20:11,TRUE,
3211,11/15/19 15:37,,P3ZGAL006,2880,,9,13,,,2/9/21 20:11,TRUE,
3212,11/15/19 15:45,1.68,ZGAL006x60,2881,,9,9,1.77982E+13,6,4/21/21 17:29,TRUE,
3213,11/15/19 16:34,0.15,ZGAL001,2882,,9,1,7.79819E+12,0.82,4/28/21 15:36,TRUE,
3214,11/15/19 16:36,0.15,ZGAL002,2883,,9,1,7.79819E+12,0.82,4/28/21 15:37,TRUE,
3215,11/15/19 16:38,0.028,ZGAL005,2884,,9,1,7.79819E+12,0.25,4/27/21 13:16,TRUE,
3217,11/15/19 16:42,0.028,ZGAL006,2886,,9,1,7.79819E+12,0.25,4/27/21 13:16,TRUE,
3218,11/19/19 12:27,,EST063,2887,,6,6,,,11/19/19 12:28,TRUE,
3219,11/19/19 18:07,,P3ZGAL001,2888,,6,13,,,2/9/21 20:11,TRUE,
3220,11/22/19 15:14,,,2889,,6,6,,,2/11/20 13:47,TRUE,
3221,11/22/19 15:17,,,2890,,6,6,,,2/11/20 13:47,TRUE,
3222,11/22/19 15:20,,FAB020,2891,,6,8,,,12/2/19 20:01,TRUE,
3223,11/26/19 19:43,,,2892,,9,6,,,2/26/20 13:18,FALSE,
3224,11/27/19 14:39,,,2893,,9,6,,,2/26/20 13:18,FALSE,
3225,11/27/19 17:02,,,2894,,8,6,,,2/26/20 13:18,FALSE,
3226,11/27/19 18:54,0,FAB021,2895,,8,8,,0,2/20/20 14:13,TRUE,
3227,12/2/19 12:57,,,2896,,6,6,,,2/26/20 13:18,FALSE,
3228,12/3/19 15:10,,,2897,,6,6,,,2/26/20 13:18,FALSE,
3229,12/13/19 18:28,0,,2898,,6,6,,0,2/26/20 13:18,FALSE,
3230,12/18/19 15:17,,,2899,,9,6,,,2/26/20 13:18,FALSE,
3231,12/20/19 11:13,,FAB022,2900,,6,6,,,12/20/19 11:13,TRUE,
3232,12/23/19 12:12,0,,2901,,6,6,,0,12/23/19 12:13,TRUE,
3233,12/23/19 12:19,,,2902,,8,8,,,12/23/19 12:19,TRUE,
3234,1/9/20 17:44,,,2903,,6,8,,,2/26/20 14:38,TRUE,
3235,1/10/20 12:18,,,2904,,9,6,,,2/26/20 13:18,FALSE,
3236,1/13/20 19:38,0,EST064,2905,,8,8,,0,1/13/20 19:48,TRUE,
3237,1/14/20 14:54,,EST065,2906,,8,8,,,5/21/20 21:35,TRUE,
3238,1/14/20 18:58,,IN201,2907,,8,8,,,7/27/20 18:19,TRUE,
3239,1/17/20 20:44,,,2908,,9,6,,,2/26/20 13:18,FALSE,
3240,1/23/20 14:25,,FAB023,2909,,8,13,,,3/22/21 21:40,TRUE,
3241,1/23/20 14:36,,FAB024,2910,,8,13,,,3/22/21 21:40,TRUE,
3242,1/23/20 14:40,,FAB025,2911,,8,8,,,1/23/20 16:08,TRUE,
3243,1/23/20 14:43,,,2912,,8,13,,,3/22/21 21:39,TRUE,
3244,1/23/20 14:46,,FAB027,2913,,8,13,,,3/4/21 13:36,TRUE,
3245,1/23/20 14:48,,FAB028,2914,,8,13,,,3/22/21 21:36,TRUE,
3246,1/23/20 14:51,,FAB029,2915,,8,13,,,3/22/21 21:37,TRUE,
3247,1/23/20 15:30,,FAB030,2916,,8,8,,,1/23/20 16:08,TRUE,
3248,1/23/20 15:38,,EST003,2917,,8,8,,,2/20/20 14:09,TRUE,
3249,1/23/20 15:44,,EST005,2918,,8,8,,,7/23/20 15:46,TRUE,
3250,1/23/20 15:53,,EST004,2919,,8,8,,,7/23/20 15:47,TRUE,
3251,1/23/20 16:01,,EST001,2920,,8,13,,,1/11/21 15:44,TRUE,
3252,1/23/20 18:53,,,2921,,8,6,,,2/26/20 13:18,FALSE,
3253,1/28/20 12:16,,,2922,,7,6,,,2/26/20 13:18,FALSE,
3254,1/31/20 12:25,,,2923,,9,6,,,2/26/20 13:18,FALSE,
3255,2/12/20 14:34,,FAB004,2924,,8,8,,,2/12/20 14:36,TRUE,
3256,2/13/20 14:06,,,2925,,9,6,,,3/6/20 19:16,FALSE,
3257,2/28/20 17:43,,MKT035,2926,,6,9,,,7/1/20 17:05,TRUE,
3258,3/6/20 14:38,,,2927,,7,6,,,8/5/20 20:46,FALSE,
3259,3/6/20 18:55,,MP019,2928,,9,8,,,9/14/20 23:25,FALSE,
3260,3/9/20 16:03,,,2929,,8,6,,,8/5/20 20:46,FALSE,
3261,3/25/20 15:28,,,2930,,9,6,,,8/5/20 20:46,FALSE,
3262,4/20/20 17:54,1,SHOP001,2931,,6,6,7.79826E+12,,4/28/21 14:20,FALSE,
3263,4/20/20 17:59,1,SHOP002,2932,,6,6,7.79826E+12,,4/28/21 14:20,FALSE,
3264,4/20/20 18:02,1,SHOP003,2933,,6,6,7.79826E+12,,4/28/21 14:20,FALSE,
3265,4/20/20 18:03,1,SHOP004,2934,,6,6,7.79826E+12,,4/28/21 14:20,FALSE,
3266,4/20/20 18:05,0.1,SHOP015,2935,,6,6,63131476544,,4/28/21 14:20,FALSE,
3267,4/20/20 18:08,0.13,SHOP016,2936,,6,6,7.53154E+11,,4/28/21 14:20,FALSE,
3268,4/20/20 18:09,0.13,SHOP017,2937,,6,6,7.53154E+11,,4/28/21 14:20,FALSE,
3269,4/20/20 18:12,,SHOP012,2938,,6,6,7.79131E+12,,4/28/21 14:20,FALSE,
3270,4/20/20 18:13,,SHOP013,2939,,6,6,7.79131E+12,,4/28/21 14:20,FALSE,
3271,4/20/20 18:14,,SHOP014,2940,,6,6,7.79131E+12,,4/28/21 14:20,FALSE,
3272,4/20/20 18:17,0.5,SHOP005,2941,,6,6,,,4/28/21 14:20,FALSE,
3273,4/20/20 18:20,0.5,SHOP006,2942,,6,6,,0.6,4/28/21 14:20,FALSE,
3274,4/20/20 18:20,0.5,SHOP007,2943,,6,6,,0.6,4/28/21 14:20,FALSE,
3275,4/20/20 18:22,0.5,SHOP008,2944,,6,6,,,4/28/21 14:20,FALSE,
3276,4/20/20 18:23,,SHOP009,2945,,6,6,,,4/28/21 14:20,FALSE,
3277,4/20/20 18:25,,SHOP010,2946,,6,6,,,4/28/21 14:20,FALSE,
3278,4/20/20 18:26,,SHOP011,2947,,6,6,,,4/28/21 14:20,FALSE,
3279,4/22/20 21:35,0.5,SHOP021,2948,,6,6,,,4/28/21 14:20,FALSE,
3280,4/22/20 21:39,0.04,SHOP022,2949,,6,6,,,4/28/21 14:20,FALSE,
3281,4/24/20 11:56,0.5,SHOP018,2950,,6,6,,0.6,4/28/21 14:20,FALSE,
3282,4/24/20 12:00,0.5,SHOP019,2951,,6,6,,0.6,4/28/21 14:20,FALSE,
3283,4/24/20 12:00,2,SHOP023,2952,,6,6,,2,4/28/21 14:20,FALSE,
3284,4/27/20 14:18,,,2953,,6,6,,,4/27/20 14:18,TRUE,
3285,4/28/20 11:34,,IN174,2954,,9,1,,,4/21/21 12:47,TRUE,
3286,4/28/20 14:42,,,2955,,6,6,,,8/5/20 20:46,FALSE,
3287,4/28/20 19:58,1,SHOP028,2956,,6,6,,,4/28/21 14:20,FALSE,
3288,4/28/20 20:13,0.5,SHOP029,2957,,6,6,,,4/28/21 14:20,FALSE,
3289,4/28/20 20:13,,SHOP030,2958,,6,6,,,4/28/21 14:20,FALSE,
3290,4/28/20 20:21,1,SHOP026,2959,,6,6,,,4/28/21 14:20,FALSE,
3291,4/28/20 20:23,1,SHOP027,2960,,6,6,,,8/5/20 20:55,FALSE,
3292,4/29/20 18:38,,SHOP034,2961,,6,6,,,4/28/21 14:20,FALSE,
3293,4/29/20 18:40,,SHOP035,2962,,6,6,,,4/28/21 14:20,FALSE,
3294,4/29/20 18:41,,SHOP033,2963,,6,6,,,4/28/21 14:20,FALSE,
3295,4/29/20 18:43,0.27,SHOP032,2964,,6,6,,,4/28/21 14:20,FALSE,
3296,4/29/20 18:43,0.66,SHOP031,2965,,6,6,,0.7,4/28/21 14:20,FALSE,
3298,5/4/20 14:59,,,2967,,8,6,,,12/10/20 19:32,FALSE,
3299,5/12/20 10:43,,,2968,,9,6,,,8/5/20 20:46,FALSE,
3300,5/13/20 13:59,,,2969,,9,6,,,8/5/20 20:46,FALSE,
3301,5/21/20 21:32,,EST066,2970,,8,8,,,5/21/20 21:36,TRUE,
3302,5/26/20 13:04,0.2,SHOP036,2971,,6,6,,0.25,4/28/21 14:20,FALSE,
3303,5/26/20 17:17,0.35,ING001,2972,,6,6,7.79819E+12,0.5,12/10/20 19:31,FALSE,
3304,5/26/20 17:23,0.225,ING002,2973,,6,1,7.79819E+12,0.5,4/15/21 14:02,TRUE,
3305,5/26/20 17:24,0.225,ING003,2974,,6,1,7.79819E+12,0.5,4/28/21 15:36,TRUE,
3306,5/26/20 18:16,0.1,ING004,2975,,6,1,7.79819E+12,0.5,4/28/21 15:36,TRUE,
3307,5/26/20 18:28,0.25,ING005,2976,,6,1,7.79819E+12,0.5,4/28/21 15:36,TRUE,
3308,5/26/20 18:32,0.25,ING006,2977,,6,1,7.79819E+12,0.5,4/28/21 15:36,TRUE,
3309,5/26/20 18:33,0.25,ING007,2978,,6,1,7.79819E+12,0.5,4/28/21 15:36,TRUE,
3310,5/26/20 18:34,0.25,ING008,2979,,6,1,7.79819E+12,0.5,4/28/21 15:33,TRUE,
3311,5/26/20 18:36,,,2980,,6,9,,,6/24/20 17:10,FALSE,
3312,5/26/20 18:48,,,2981,,6,9,,,6/24/20 17:34,FALSE,
3313,5/26/20 18:49,,,2982,,6,9,,,6/24/20 17:34,FALSE,
3314,5/26/20 18:51,,,2983,,6,9,,,6/24/20 17:34,FALSE,
3316,5/26/20 18:52,,,2985,,6,9,,,6/24/20 17:34,FALSE,
3317,5/26/20 18:55,,,2986,,6,9,,,6/24/20 17:34,FALSE,
3318,5/26/20 18:56,,,2987,,6,9,,,6/24/20 17:34,FALSE,
3319,5/26/20 18:57,,ING001x8,2988,,6,9,1.77982E+13,,6/24/20 17:03,FALSE,
3320,5/27/20 16:19,,,2989,,9,6,,,8/5/20 20:46,FALSE,
3321,5/27/20 20:12,,IN176,2990,,6,6,,,12/10/20 19:31,FALSE,
3322,5/27/20 20:15,,IN177,2991,,6,1,,,4/21/21 12:45,TRUE,
3323,5/27/20 20:15,,IN178,2992,,6,1,,,4/6/21 17:21,TRUE,
3324,5/27/20 20:15,,IN179,2993,,6,1,,,4/21/21 12:46,TRUE,
3325,5/27/20 20:16,,IN180,2994,,6,1,,,4/13/21 18:51,TRUE,
3326,5/27/20 20:16,,IN181,2995,,6,1,,,4/6/21 17:26,TRUE,
3327,5/27/20 20:16,,IN182,2996,,6,1,,,3/11/21 15:37,TRUE,
3328,5/27/20 20:17,,IN183,2997,,6,1,,,4/21/21 12:47,TRUE,
3329,5/27/20 20:50,,,2998,,6,6,,,5/27/20 21:00,TRUE,
3330,5/27/20 23:08,,EST067,2999,,8,8,,,5/27/20 23:12,TRUE,
3331,5/28/20 14:00,0.5,SHOP037,3000,,6,6,,0.6,4/28/21 14:20,FALSE,
3333,6/1/20 18:46,,,3002,,6,6,,,6/1/20 18:46,TRUE,
3334,6/3/20 15:19,,,3003,,9,6,,,8/5/20 20:46,FALSE,
3335,6/12/20 20:45,,,3004,,8,8,,,6/12/20 20:45,TRUE,
3336,6/19/20 19:30,,,3005,,6,8,,,8/18/20 16:22,TRUE,
3337,6/19/20 20:32,,,3006,,8,8,,,6/19/20 20:32,TRUE,
3342,6/23/20 15:10,,ING002x8,3011,,9,9,1.77982E+13,,6/24/20 17:53,FALSE,
3343,6/24/20 16:24,,,3012,,9,9,,,6/24/20 18:04,FALSE,
3344,6/24/20 16:33,0.8,ING004x8,3013,,9,1,1.77982E+13,6,4/15/21 13:31,TRUE,
3346,6/24/20 16:39,2,ING005x8,3015,,9,1,1.77982E+13,6,4/27/21 13:07,TRUE,
3347,6/24/20 16:44,2,ING006x8,3016,,9,1,1.77982E+13,6,4/23/21 12:33,TRUE,
3348,6/24/20 16:49,2,ING007x8,3017,,9,1,1.77982E+13,6,4/23/21 12:33,TRUE,
3349,6/24/20 17:00,,,3018,,9,9,,,6/24/20 18:08,FALSE,
3350,6/24/20 17:48,1.8,ING002x8,3019,,9,1,17798187760465 -,6,4/23/21 12:33,TRUE,
3351,6/24/20 18:03,1.8,ING003x8,3020,,9,1,1.77982E+13,6,4/23/21 12:33,TRUE,
3352,6/24/20 18:05,,,3021,,9,6,,,8/5/20 20:46,FALSE,
3353,6/24/20 18:08,2,ING008x8,3022,,9,1,1.77982E+13,6,4/23/21 12:33,TRUE,
3354,6/29/20 20:22,,CAL007,3023,,8,8,,,6/29/20 20:26,TRUE,
3355,7/7/20 14:49,0.13,SHOP024,3024,,6,6,,,4/28/21 14:20,FALSE,
3356,7/7/20 14:50,,,3025,,6,6,,,7/7/20 14:50,TRUE,
3357,7/7/20 18:45,,,3026,,9,6,,,8/5/20 20:46,FALSE,
3358,7/13/20 14:32,,,3027,,7,6,,,8/5/20 20:46,FALSE,
3359,7/13/20 17:11,,,3028,,9,6,,,8/5/20 20:46,FALSE,
3360,7/17/20 1:29,,,3029,,9,6,,,8/5/20 20:46,FALSE,
3361,7/23/20 15:52,,FAB031,3030,,8,8,,,7/23/20 15:57,TRUE,
3362,7/27/20 17:50,,EST068,3031,,8,8,,,7/27/20 17:51,TRUE,
3363,7/28/20 16:34,,,3032,,7,6,,,8/5/20 20:46,FALSE,
3364,7/28/20 19:08,,,3033,,9,6,,,8/5/20 20:46,FALSE,
3365,7/29/20 18:01,,MP036ST,3034,,6,1,,,4/21/21 12:45,TRUE,
3366,7/29/20 18:03,,MP037ST,3035,,6,1,,,4/13/21 18:51,TRUE,
3367,7/29/20 18:04,,MP038ST,3036,,6,1,,,4/21/21 12:46,TRUE,
3369,8/3/20 18:55,,,3038,,7,6,,,8/5/20 20:45,FALSE,
3370,8/10/20 14:52,,MP025ST,3039,,6,1,,,4/19/21 12:48,TRUE,
3371,8/10/20 14:53,,MP039ST,3040,,6,1,,,4/26/21 12:10,TRUE,
3372,8/10/20 15:00,,MP040ST,3041,,6,1,,,4/19/21 12:48,TRUE,
3373,8/10/20 15:01,,MP041ST,3042,,6,1,,,4/19/21 12:48,TRUE,
3374,8/10/20 15:01,,MP042ST,3043,,6,1,,,4/26/21 12:10,TRUE,
3375,8/10/20 15:02,,MP043ST,3044,,6,1,,,4/19/21 12:48,TRUE,
3376,8/10/20 15:04,0.024,BAR005,3045,,6,1,,0.09,4/20/21 16:40,TRUE,
3377,8/10/20 15:06,0.288,BAR005x12,3046,,6,1,7.79819E+12,1.44,4/28/21 15:33,TRUE,
3378,8/10/20 15:08,2.304,BAR005x12x8,3047,,6,1,,12.3,4/28/21 17:45,TRUE,
3379,8/10/20 15:10,0.072,BAR005x3,3048,,6,6,7.79819E+12,0.36,1/20/21 18:00,TRUE,
3380,8/10/20 15:10,1.152,BAR005x3x16,3049,,6,1,,5.44,4/23/21 12:33,TRUE,
3381,8/10/20 15:12,1.44,BAR005x60,3050,,6,1,,6,4/28/21 18:40,TRUE,
3382,8/10/20 15:14,0.024,BAR006,3051,,6,1,77974754,0.09,4/27/21 13:50,TRUE,
3383,8/10/20 15:15,0.288,BAR006x12,3052,,6,1,7.79819E+12,1.44,4/28/21 15:36,TRUE,
3384,8/10/20 15:16,2.304,BAR006x12x8,3053,,6,1,,12.3,4/28/21 17:45,TRUE,
3385,8/10/20 15:17,0.072,BAR006x3,3054,,6,6,,0.36,1/20/21 18:00,TRUE,
3386,8/10/20 15:18,1.152,BAR006x3x16,3055,,6,1,7.79819E+12,5.44,4/23/21 12:33,TRUE,
3387,8/10/20 15:19,1.44,BAR006x60,3056,,6,1,,6,4/28/21 13:32,TRUE,
3388,8/10/20 15:27,,IN184,3057,,6,1,,,4/19/21 12:48,TRUE,
3389,8/10/20 15:28,,IN185,3058,,6,1,,,4/26/21 12:10,TRUE,
3390,8/10/20 15:29,,IN186,3059,,6,1,,,4/20/21 16:40,TRUE,
3391,8/10/20 15:29,,IN187,3060,,6,1,,,4/13/21 18:24,TRUE,
3392,8/10/20 17:59,,IN188,3061,,6,1,,,4/20/21 16:40,TRUE,
3393,8/10/20 17:59,,IN189,3062,,6,1,,,4/19/21 11:52,TRUE,
3394,8/10/20 18:01,,IN190,3063,,6,1,,,4/20/21 13:23,TRUE,
3395,8/10/20 18:01,,IN191,3064,,6,1,,,4/27/21 13:50,TRUE,
3398,8/19/20 17:53,,FAB010,3067,,8,13,,,11/17/20 15:15,TRUE,
3399,8/31/20 15:20,,FAB032,3068,,8,8,,,8/31/20 15:21,TRUE,
3405,10/16/20 16:41,,FAB035,3074,,8,8,,,10/16/20 16:42,TRUE,
3406,10/19/20 16:58,,EST028,3075,,8,8,,,10/19/20 17:01,TRUE,
3407,10/20/20 15:18,,,3076,,9,6,,,12/9/20 19:30,FALSE,
3408,10/21/20 17:37,,,3077,,6,6,,,10/21/20 17:37,TRUE,
3415,12/10/20 14:44,,MP044STORG,3084,,6,1,,,4/20/21 10:31,TRUE,
3416,12/10/20 14:45,,MP045ST,3085,,6,6,,,12/10/20 14:47,TRUE,
3417,12/10/20 14:48,,MP046ORGST,3086,,6,1,,,4/16/21 19:22,TRUE,
3418,12/10/20 14:50,,MP047ORGST,3087,,6,9,,,4/26/21 11:58,TRUE,
3419,12/10/20 14:52,,MP029ORGST,3088,,6,1,,,4/20/21 10:31,TRUE,
3420,12/10/20 14:56,,MP033ORGST,3089,,6,1,,,4/20/21 10:31,TRUE,
3421,12/10/20 15:05,,MP012ST,3090,,6,1,,,4/20/21 10:31,TRUE,
3423,12/21/20 13:24,,CAL009,3092,,13,13,,,12/21/20 13:25,TRUE,
3425,12/23/20 11:49,,IN205,3094,,9,1,,,1/29/21 11:48,TRUE,
3427,1/15/21 12:34,0.13,zCER001,3096,,6,1,7.79819E+12,0.06,1/29/21 11:46,TRUE,
3428,1/15/21 13:14,1.3,zCER001x10,3097,,6,1,1.77982E+13,0.02,2/25/21 17:34,TRUE,
3429,1/15/21 13:22,0.13,zCER002,3098,,6,1,7.79819E+12,,1/29/21 11:48,TRUE,
3430,1/15/21 13:25,0.13,zCER003,3099,,6,6,7.79819E+12,,1/20/21 18:00,TRUE,
3431,1/15/21 13:26,1.3,zCER003x10,3100,,6,6,1.77982E+13,0.02,1/20/21 18:00,TRUE,
3432,1/15/21 13:28,1.3,zCER002x10,3101,,6,1,1.77982E+13,0.02,2/25/21 17:34,TRUE,
3433,1/19/21 17:36,,IN206,3102,,9,1,,,2/24/21 15:13,TRUE,
3434,1/19/21 17:39,,IN207,3103,,9,1,,,2/24/21 15:13,TRUE,
3435,1/19/21 18:37,,P3ZCER001x10,3104,,9,13,,,2/2/21 19:56,TRUE,
3436,1/19/21 18:38,,P3ZCER002x10,3105,,9,13,,,2/2/21 19:56,TRUE,
3437,1/20/21 12:06,,IN208,3106,,9,9,,,1/20/21 12:08,TRUE,
3438,1/20/21 12:08,,IN209,3107,,9,9,,,1/20/21 12:08,TRUE,
3442,1/26/21 23:51,,,3111,,1,1,,,1/26/21 23:51,TRUE,
3443,1/31/21 3:40,,,3112,,1,1,,,1/31/21 3:40,TRUE,
3444,2/1/21 12:57,,IN210,3113,,9,1,,,4/21/21 19:26,TRUE,
3445,2/1/21 12:59,,IN211,3114,,9,1,,,4/21/21 19:27,TRUE,
3446,2/1/21 12:59,,IN212,3115,,9,1,,,4/21/21 19:28,TRUE,
3447,2/1/21 13:04,,IN213,3116,,9,1,,,4/21/21 19:29,TRUE,
3454,3/1/21 17:41,,,3123,,9,9,,,3/1/21 17:41,TRUE,
3456,3/8/21 12:49,,,3125,,6,6,,,3/8/21 12:49,FALSE,
3457,3/8/21 19:02,,,3126,,9,9,,,3/8/21 19:02,TRUE,
3458,3/16/21 15:17,,zGAL005x10,3127,,8,8,,,3/16/21 15:20,TRUE,
3459,3/16/21 15:40,,zGAL006x10,3128,,8,1,,,4/16/21 15:39,TRUE,
3460,3/17/21 12:48,,,3129,,9,1,,,4/16/21 17:42,TRUE,
3461,3/19/21 16:12,,,3130,,9,9,,,3/19/21 16:12,TRUE,
3462,3/19/21 19:12,,,3131,,9,9,,,3/19/21 19:12,TRUE,
3463,3/23/21 20:04,,,3132,,8,8,,,3/23/21 20:04,TRUE,
3464,4/6/21 16:16,,IN214,3133,,9,9,,,4/8/21 14:18,TRUE,
3465,4/6/21 19:29,,,3134,,8,8,,,4/6/21 19:29,TRUE,
3466,4/14/21 13:51,,GAL011,3135,,9,9,7.79819E+12,,4/23/21 14:35,TRUE,
3467,4/15/21 19:22,,BARcombox12,3136,,8,1,,,4/28/21 15:38,TRUE,
3468,4/16/21 17:08,,GAL012,3137,,9,9,7.79819E+12,,4/23/21 14:37,TRUE,
3469,4/16/21 17:13,,GAL013,3138,,9,9,7.79819E+12,,4/23/21 14:38,TRUE,
3470,4/16/21 17:16,,GAL014,3139,,9,9,7.79819E+12,,4/23/21 14:39,TRUE,
3471,4/16/21 17:23,,P3GAL011,3140,,9,13,,,4/19/21 16:43,TRUE,
3472,4/16/21 17:24,,P3GAL012,3141,,9,13,,,4/19/21 16:44,TRUE,
3473,4/16/21 17:25,,P3GAL013,3142,,9,13,,,4/19/21 16:44,TRUE,
3474,4/16/21 17:27,,P3GAL014,3143,,9,13,,,4/19/21 16:44,TRUE,
3475,4/19/21 11:57,,IN215,3144,,9,9,,,4/19/21 12:05,TRUE,
3476,4/19/21 12:00,,IN216,3145,,9,9,,,4/19/21 12:05,TRUE,
3477,4/19/21 12:00,,IN217,3146,,9,9,,,4/19/21 12:05,TRUE,
3478,4/28/21 14:07,0,CYOP21888,3147,,6,6,7.79833E+12,0,4/28/21 14:17,TRUE,
3479,4/28/21 14:18,0,CYOP21871,3148,,6,6,1.77983E+13,0,4/28/21 14:18,TRUE,
3480,4/28/21 14:18,0,CYOP21901,3149,,6,6,,0,4/28/21 14:19,TRUE,
