date,observed,trend,seasonal,resid
2018-07-12,4980.27,11740.51357142857,67658.82526623465,-74419.06883766322
2018-07-13,2316.83,10716.204234693876,20801.18047695594,-29200.554711649813
2018-07-14,0.0,9691.894897959184,-111542.93456672598,101851.0396687668
2018-07-15,0.0,7525.462857142857,-100977.26519854026,93451.8023413974
2018-07-16,33558.15,7274.631428571428,43850.4095355246,-17566.89096409603
2018-07-17,5374.089999999999,6943.655714285714,38414.599230450534,-39984.16494473625
2018-07-18,6448.9,6943.655714285714,41795.18525610053,-42289.94097038624
2018-07-19,3224.45,6943.655714285714,67658.82526623465,-71378.03098052036
2018-07-20,0.0,2149.6342857142854,20801.18047695594,-22950.814762670223
2018-07-21,0.0,1381.9071428571428,-111542.93456672598,110161.02742386883
2018-07-22,0.0,460.63571428571424,-100977.26519854026,100516.62948425455
2018-07-23,0.0,0.0,43850.4095355246,-43850.4095355246
2018-07-24,0.0,0.0,38414.599230450534,-38414.599230450534
2018-07-25,0.0,0.0,41795.18525610053,-41795.18525610053
2018-07-26,0.0,0.0,67658.82526623465,-67658.82526623465
2018-07-27,0.0,0.0,20801.18047695594,-20801.18047695594
2018-07-28,0.0,0.0,-111542.93456672598,111542.93456672598
2018-07-29,0.0,0.0,-100977.26519854026,100977.26519854026
2018-07-30,0.0,0.0,43850.4095355246,-43850.4095355246
2018-07-31,0.0,0.0,38414.599230450534,-38414.599230450534
2018-08-01,0.0,0.0,41795.18525610053,-41795.18525610053
2018-08-02,0.0,0.0,67658.82526623465,-67658.82526623465
2018-08-03,0.0,0.0,20801.18047695594,-20801.18047695594
2018-08-04,0.0,0.0,-111542.93456672598,111542.93456672598
2018-08-05,0.0,0.0,-100977.26519854026,100977.26519854026
2018-08-06,0.0,0.0,43850.4095355246,-43850.4095355246
2018-08-07,0.0,0.0,38414.599230450534,-38414.599230450534
2018-08-08,0.0,0.0,41795.18525610053,-41795.18525610053
2018-08-09,0.0,0.0,67658.82526623465,-67658.82526623465
2018-08-10,0.0,0.0,20801.18047695594,-20801.18047695594
2018-08-11,0.0,0.0,-111542.93456672598,111542.93456672598
2018-08-12,0.0,0.0,-100977.26519854026,100977.26519854026
2018-08-13,0.0,0.0,43850.4095355246,-43850.4095355246
2018-08-14,0.0,0.0,38414.599230450534,-38414.599230450534
2018-08-15,0.0,0.0,41795.18525610053,-41795.18525610053
2018-08-16,0.0,0.0,67658.82526623465,-67658.82526623465
2018-08-17,0.0,0.0,20801.18047695594,-20801.18047695594
2018-08-18,0.0,0.0,-111542.93456672598,111542.93456672598
2018-08-19,0.0,0.0,-100977.26519854026,100977.26519854026
2018-08-20,0.0,0.0,43850.4095355246,-43850.4095355246
2018-08-21,0.0,0.0,38414.599230450534,-38414.599230450534
2018-08-22,0.0,0.0,41795.18525610053,-41795.18525610053
2018-08-23,0.0,0.0,67658.82526623465,-67658.82526623465
2018-08-24,0.0,0.0,20801.18047695594,-20801.18047695594
2018-08-25,0.0,0.0,-111542.93456672598,111542.93456672598
2018-08-26,0.0,0.0,-100977.26519854026,100977.26519854026
2018-08-27,0.0,0.0,43850.4095355246,-43850.4095355246
2018-08-28,0.0,0.0,38414.599230450534,-38414.599230450534
2018-08-29,0.0,0.0,41795.18525610053,-41795.18525610053
2018-08-30,0.0,0.0,67658.82526623465,-67658.82526623465
2018-08-31,0.0,0.0,20801.18047695594,-20801.18047695594
2018-09-01,0.0,0.0,-111542.93456672598,111542.93456672598
2018-09-02,0.0,0.0,-100977.26519854026,100977.26519854026
2018-09-03,0.0,0.0,43850.4095355246,-43850.4095355246
2018-09-04,0.0,0.0,38414.599230450534,-38414.599230450534
2018-09-05,0.0,0.0,41795.18525610053,-41795.18525610053
2018-09-06,0.0,0.0,67658.82526623465,-67658.82526623465
2018-09-07,0.0,0.0,20801.18047695594,-20801.18047695594
2018-09-08,0.0,2047.2685714285712,-111542.93456672598,109495.6659952974
2018-09-09,0.0,51707.41857142857,-100977.26519854026,49269.84662711169
2018-09-10,0.0,60417.899999999994,43850.4095355246,-104268.3095355246
2018-09-11,14330.88,73230.18142857144,38414.599230450534,-97313.90065902198
2018-09-12,347621.05000000005,73230.18142857144,41795.18525610053,232595.68331532806
2018-09-13,60973.36999999999,73230.18142857144,67658.82526623465,-79915.6366948061
2018-09-14,89685.97000000007,89305.97000000002,20801.18047695594,-20421.18047695588
2018-09-15,0.0,108480.6857142857,-111542.93456672598,3062.2488524402725
2018-09-16,0.0,67597.8757142857,-100977.26519854026,33379.389484254556
2018-09-17,112530.52000000005,68596.04285714286,43850.4095355246,84.06760733258125
2018-09-18,148553.8899999999,55859.63,38414.599230450534,54279.66076954936
2018-09-19,61441.38000000002,55859.63,41795.18525610053,-36213.43525610051
2018-09-20,67960.54000000001,55859.63,67658.82526623465,-55557.91526623464
2018-09-21,531.08,39783.84142857142,20801.18047695594,-60053.941905527354
2018-09-22,0.0,26643.908571428572,-111542.93456672598,84899.0259952974
2018-09-23,0.0,59895.714285714304,-100977.26519854026,41081.55091282596
2018-09-24,0.0,57371.198571428584,43850.4095355246,-101221.60810695318
2018-09-25,56574.359999999986,67692.93571428573,38414.599230450534,-49533.17494473628
2018-09-26,294204.02000000014,67692.93571428573,41795.18525610053,184715.89902961388
2018-09-27,50288.93,67692.93571428573,67658.82526623465,-85062.83098052038
2018-09-28,72783.24,76421.11142857144,20801.18047695594,-24439.051905527376
2018-09-29,0.0,75384.65428571429,-111542.93456672598,36158.280281011685
2018-09-30,0.0,69836.12714285716,-100977.26519854026,31141.1380556831
2018-10-01,61097.23,68441.86857142858,43850.4095355246,-51195.04810695318
2018-10-02,49319.16,69729.72857142858,38414.599230450534,-58825.16780187911
2018-10-03,255364.33000000013,69729.72857142858,41795.18525610053,143839.41617247104
2018-10-04,40529.119999999995,69729.72857142858,67658.82526623465,-96859.43383766324
2018-10-05,81798.26,67247.78714285717,20801.18047695594,-6250.707619813111
2018-10-06,0.0,67856.3642857143,-111542.93456672598,43686.57028101168
2018-10-07,0.0,39461.97571428571,-100977.26519854026,61515.28948425455
2018-10-08,43723.640000000014,45736.62571428572,43850.4095355246,-45863.39524981031
2018-10-09,53579.2,72190.93142857144,38414.599230450534,-57026.33065902197
2018-10-10,56603.61,72190.93142857144,41795.18525610053,-57382.506684671964
2018-10-11,84451.67000000003,72190.93142857144,67658.82526623465,-55398.08669480606
2018-10-12,266978.4000000001,65944.69714285716,20801.18047695594,180232.522380187
2018-10-13,0.0,59721.9542857143,-111542.93456672598,51820.980281011674
2018-10-14,0.0,64572.21142857145,-100977.26519854026,36405.053769968814
2018-10-15,0.0,65362.50571428573,43850.4095355246,-109212.91524981034
2018-10-16,10020.0,28875.671428571437,38414.599230450534,-57270.270659021975
2018-10-17,90555.41000000005,28875.671428571437,41795.18525610053,19884.553315328078
2018-10-18,89983.73000000003,28875.671428571437,67658.82526623465,-6550.766694806065
2018-10-19,11570.56,32140.185714285722,20801.18047695594,-41370.80619124166
2018-10-20,0.0,38642.3942857143,-111542.93456672598,72900.54028101168
2018-10-21,0.0,28747.41428571429,-100977.26519854026,72229.85091282598
2018-10-22,22851.600000000006,56795.134285714295,43850.4095355246,-77793.94382123889
2018-10-23,55535.46000000002,59489.38000000001,38414.599230450534,-42368.519230450525
2018-10-24,21290.550000000003,59489.38000000001,41795.18525610053,-79994.01525610054
2018-10-25,286317.7700000001,59489.38000000001,67658.82526623465,159169.56473376544
2018-10-26,30430.280000000006,59298.344285714295,20801.18047695594,-49669.24476267023
2018-10-27,0.0,70506.31285714287,-111542.93456672598,41036.62170958311
2018-10-28,0.0,90952.09285714287,-100977.26519854026,10025.172341397396
2018-10-29,21514.35,64635.484285714294,43850.4095355246,-86971.5438212389
2018-10-30,133991.24000000005,72064.18428571429,38414.599230450534,23512.456483835223
2018-10-31,164411.00999999995,72064.18428571429,41795.18525610053,50551.64045818513
2018-11-01,102101.51000000007,72064.18428571429,67658.82526623465,-37621.49955194887
2018-11-02,82431.18000000001,129805.32714285716,20801.18047695594,-68175.32761981309
2018-11-03,0.0,110767.73571428574,-111542.93456672598,775.1988524402404
2018-11-04,0.0,101599.02142857146,-100977.26519854026,-621.7562300311984
2018-11-05,425702.35000000015,90229.52000000002,43850.4095355246,291622.4204644755
2018-11-06,728.1,82204.86000000002,38414.599230450534,-119891.35923045054
2018-11-07,100230.00999999998,82204.86000000002,41795.18525610053,-23770.035256100564
2018-11-08,22515.00000000002,82204.86000000002,67658.82526623465,-127348.68526623465
2018-11-09,26258.560000000016,27857.404285714292,20801.18047695594,-22400.024762670215
2018-11-10,0.0,43894.231428571424,-111542.93456672598,67648.70313815455
2018-11-11,0.0,43534.05142857142,-100977.26519854026,57443.21376996884
2018-11-12,45270.160000000025,70844.42285714284,43850.4095355246,-69424.67239266742
2018-11-13,112985.88999999991,67947.9557142857,38414.599230450534,6623.335055263684
2018-11-14,97708.75,67947.9557142857,41795.18525610053,-12034.390970386223
2018-11-15,213687.59999999998,67947.9557142857,67658.82526623465,78080.81901947963
2018-11-16,5983.29,61480.78999999998,20801.18047695594,-76298.68047695592
2018-11-17,0.0,56513.61714285713,-111542.93456672598,55029.317423868844
2018-11-18,0.0,51983.45285714285,-100977.26519854026,48993.81234139741
2018-11-19,0.0,51590.637142857144,43850.4095355246,-95441.04667838174
2018-11-20,78215.68,70067.04714285715,38414.599230450534,-30265.96637330769
2018-11-21,65997.6,70067.04714285715,41795.18525610053,-45864.63239895767
2018-11-22,210937.89000000004,70067.04714285715,67658.82526623465,73212.01759090826
2018-11-23,135318.15999999997,81362.05857142857,20801.18047695594,33154.920951615466
2018-11-24,0.0,78675.33285714286,-111542.93456672598,32867.60170958312
2018-11-25,0.0,85229.63714285714,-100977.26519854026,15747.628055683119
2018-11-26,79065.07999999999,56996.48285714285,43850.4095355246,-21781.812392667467
2018-11-27,59408.600000000006,37665.31714285714,38414.599230450534,-16671.316373307665
2018-11-28,111877.72999999997,37665.31714285714,41795.18525610053,32417.2276010423
2018-11-29,13305.81,37665.31714285714,67658.82526623465,-92018.33240909179
2018-11-30,0.0,40374.865714285705,20801.18047695594,-61176.04619124164
2018-12-01,0.0,44682.54857142856,-111542.93456672598,66860.38599529742
2018-12-02,0.0,74507.5414285714,-100977.26519854026,26469.723769968856
2018-12-03,98031.91999999998,120688.82999999999,43850.4095355246,-66507.31953552461
2018-12-04,89562.37999999999,121496.76857142856,38414.599230450534,-70348.9878018791
2018-12-05,320652.6799999999,121496.76857142856,41795.18525610053,157360.7261724708
2018-12-06,336574.8300000001,134989.07428571428,67658.82526623465,133926.93044805113
2018-12-07,5655.570000000001,121172.53285714285,20801.18047695594,-136318.1433340988
2018-12-08,0.0,115464.07142857143,-111542.93456672598,-3921.136861845458
2018-12-09,94446.13999999998,88822.06571428571,-100977.26519854026,106601.33948425454
2018-12-10,1316.13,71303.89285714284,43850.4095355246,-113838.17239266745
2018-12-11,49603.15,80065.54142857142,38414.599230450534,-68876.99065902195
2018-12-12,134158.63999999996,80065.54142857142,41795.18525610053,12297.913315328005
2018-12-13,213947.62,66573.2357142857,67658.82526623465,79715.55901947965
2018-12-14,66987.11,76564.58285714284,20801.18047695594,-30378.65333409878
2018-12-15,0.0,80705.69999999998,-111542.93456672598,30837.234566725994
2018-12-16,0.0,73223.47857142857,-100977.26519854026,27753.786627111695
2018-12-17,71255.56,50110.55857142857,43850.4095355246,-22705.408106953175
2018-12-18,78590.96999999999,40540.97142857142,38414.599230450534,-364.6006590219695
2018-12-19,81783.09,40540.97142857142,41795.18525610053,-553.0666846719541
2018-12-20,52157.17999999999,40540.97142857142,67658.82526623465,-56042.61669480608
2018-12-21,0.0,30361.605714285706,20801.18047695594,-51162.78619124164
2018-12-22,0.0,19134.324285714283,-111542.93456672598,92408.6102810117
2018-12-23,0.0,11194.221428571429,-100977.26519854026,89783.04376996883
2018-12-24,0.0,15656.041428571432,43850.4095355246,-59506.45096409603
2018-12-25,0.0,15656.041428571432,38414.599230450534,-54070.64065902197
2018-12-26,26202.37000000001,15656.041428571432,41795.18525610053,-31248.85668467195
2018-12-27,83389.92000000003,15656.041428571432,67658.82526623465,75.05330519394192
2018-12-28,0.0,15656.041428571432,20801.18047695594,-36457.221905527374
2018-12-29,0.0,15656.041428571432,-111542.93456672598,95886.89313815454
2018-12-30,0.0,21557.69142857143,-100977.26519854026,79419.57376996883
2018-12-31,0.0,19006.33142857143,43850.4095355246,-62856.74096409603
2019-01-01,0.0,43790.75714285714,38414.599230450534,-82205.35637330767
2019-01-02,67513.92000000001,82370.98571428572,41795.18525610053,-56652.25097038624
2019-01-03,65530.40000000002,89276.76857142858,67658.82526623465,-91405.1938376632
2019-01-04,173490.98,95608.08857142858,20801.18047695594,57081.71095161549
2019-01-05,270061.60000000003,109284.58000000002,-111542.93456672598,272319.954566726
2019-01-06,48340.48,101724.04000000002,-100977.26519854026,47593.70519854024
2019-01-07,44319.24000000001,100135.08000000002,43850.4095355246,-99666.2495355246
2019-01-08,95735.44000000002,77381.9542857143,38414.599230450534,-20061.113516164813
2019-01-09,14590.14,38801.72571428572,41795.18525610053,-66006.77097038625
2019-01-10,54407.68,31895.94285714286,67658.82526623465,-45147.088123377514
2019-01-11,14219.1,33099.59428571428,20801.18047695594,-39681.67476267022
2019-01-12,0.0,34447.00142857142,-111542.93456672598,77095.93313815456
2019-01-13,0.0,36396.89285714285,-100977.26519854026,64580.372341397415
2019-01-14,52744.79999999999,40489.73285714285,43850.4095355246,-31595.342392667466
2019-01-15,105167.28999999998,41471.79571428571,38414.599230450534,25280.895055263733
2019-01-16,28239.38000000001,41471.79571428571,41795.18525610053,-55027.60097038624
2019-01-17,83057.56,41471.79571428571,67658.82526623465,-26073.060980520364
2019-01-18,21093.54,42256.43857142857,20801.18047695594,-41964.079048384505
2019-01-19,0.0,34019.34285714285,-111542.93456672598,77523.59170958312
2019-01-20,0.0,36919.09428571428,-100977.26519854026,64058.17091282598
2019-01-21,58237.299999999996,33560.97142857142,43850.4095355246,-19174.08096409603
2019-01-22,47507.62000000001,36778.30285714285,38414.599230450534,-27685.282087593376
2019-01-23,48537.639999999985,36833.557142857135,41795.18525610053,-30091.10239895768
2019-01-24,59550.699999999975,36833.557142857135,67658.82526623465,-44941.68240909181
2019-01-25,43614.86000000001,32276.01857142857,20801.18047695594,-9462.3390483845
2019-01-26,386.78,30129.114285714284,-111542.93456672598,81800.60028101169
2019-01-27,0.0,52780.538571428544,-100977.26519854026,48196.72662711172
2019-01-28,26334.53,56464.30428571426,43850.4095355246,-73980.18382123887
2019-01-29,32479.290000000005,68443.35571428569,38414.599230450534,-74378.66494473621
2019-01-30,207097.60999999987,68388.1014285714,41795.18525610053,96914.32331532796
2019-01-31,85337.05999999998,68388.1014285714,67658.82526623465,-50709.86669480607
2019-02-01,127468.21999999999,68901.89999999997,20801.18047695594,37765.13952304408
2019-02-02,0.0,112895.77428571423,-111542.93456672598,-1352.8397189882526
2019-02-03,0.0,100079.74999999997,-100977.26519854026,897.5151985402917
2019-02-04,29931.12,107347.47999999997,43850.4095355246,-121266.76953552457
2019-02-05,340436.4099999998,97843.22571428567,38414.599230450534,204178.5850552636
2019-02-06,117385.44,97843.22571428567,41795.18525610053,-22252.970970386195
2019-02-07,136211.16999999998,97843.22571428567,67658.82526623465,-29290.880980520335
2019-02-08,60938.440000000024,101629.44428571424,20801.18047695594,-61492.18476267016
2019-02-09,0.0,57464.44,-111542.93456672598,54078.494566725974
2019-02-10,0.0,49051.305714285714,-100977.26519854026,51925.95948425455
2019-02-11,56434.65,35041.34857142858,43850.4095355246,-22457.10810695318
2019-02-12,31281.38,34101.008571428574,38414.599230450534,-41234.22780187911
2019-02-13,58493.500000000015,34101.008571428574,41795.18525610053,-17402.69382752909
2019-02-14,38141.47,34101.008571428574,67658.82526623465,-63618.36383766322
2019-02-15,54356.06,32122.79,20801.18047695594,1432.0895230440583
2019-02-16,0.0,28700.945714285717,-111542.93456672598,82841.98885244026
2019-02-17,0.0,26905.305714285714,-100977.26519854026,74071.95948425455
2019-02-18,42587.12000000001,46372.805714285714,43850.4095355246,-47636.09524981031
2019-02-19,7328.47,59568.82571428572,38414.599230450534,-90654.95494473625
2019-02-20,45924.02,59568.82571428572,41795.18525610053,-55439.99097038625
2019-02-21,174413.97000000003,59568.82571428572,67658.82526623465,47186.31901947966
2019-02-22,146728.2,58150.57428571428,20801.18047695594,67776.4452373298
2019-02-23,0.0,68609.73571428572,-111542.93456672598,42933.198852440255
2019-02-24,0.0,70664.22,-100977.26519854026,30313.04519854026
2019-02-25,32659.36,46434.767142857156,43850.4095355246,-57625.81667838176
2019-02-26,80542.6,27892.44428571429,38414.599230450534,14235.556483835186
2019-02-27,60305.41000000004,27892.44428571429,41795.18525610053,-9382.219541814778
2019-02-28,4807.799999999999,27892.44428571429,67658.82526623465,-90743.46955194895
2019-03-01,16931.94,23226.82142857143,20801.18047695594,-27096.06190552737
2019-03-02,0.0,11720.73571428572,-111542.93456672598,99822.19885244025
2019-03-03,0.0,71149.92000000001,-100977.26519854026,29827.34519854025
2019-03-04,0.0,81446.7285714286,43850.4095355246,-125297.1381069532
2019-03-05,0.0,86767.2885714286,38414.599230450534,-125181.88780187913
2019-03-06,476309.7000000002,86767.2885714286,41795.18525610053,347747.226172471
2019-03-07,76885.46000000002,86767.2885714286,67658.82526623465,-77540.65383766322
2019-03-08,54175.86000000002,95280.47428571431,20801.18047695594,-61905.79476267023
2019-03-09,0.0,97673.01142857145,-111542.93456672598,13869.923138154525
2019-03-10,0.0,33381.53428571428,-100977.26519854026,67595.73091282598
2019-03-11,59592.3,28088.144285714287,43850.4095355246,-12346.253821238886
2019-03-12,16747.76,29158.501428571435,38414.599230450534,-50825.34065902197
2019-03-13,26269.359999999993,29158.501428571435,41795.18525610053,-44684.32668467197
2019-03-14,39831.73,29158.501428571435,67658.82526623465,-56985.59669480608
2019-03-15,61668.36000000003,37438.012857142865,20801.18047695594,3429.166665901226
2019-03-16,0.0,53858.95142857144,-111542.93456672598,57683.98313815454
2019-03-17,0.0,91963.09142857144,-100977.26519854026,9014.173769968824
2019-03-18,117548.88000000003,100057.87571428574,43850.4095355246,-26359.405249810305
2019-03-19,131694.33000000002,91640.4985714286,38414.599230450534,1639.2321981208806
2019-03-20,292998.3400000001,91640.4985714286,41795.18525610053,159562.65617247098
2019-03-21,96495.22000000006,91640.4985714286,67658.82526623465,-62804.10383766319
2019-03-22,2746.72,80736.32571428575,20801.18047695594,-98790.78619124168
2019-03-23,0.0,71085.39714285717,-111542.93456672598,40457.53742386881
2019-03-24,0.0,38058.94714285715,-100977.26519854026,62918.318055683114
2019-03-25,41219.67,39347.74285714287,43850.4095355246,-41978.48239266747
2019-03-26,64137.83,59428.86571428573,38414.599230450534,-33705.63494473626
2019-03-27,61813.19,59428.86571428573,41795.18525610053,-39410.86097038625
2019-03-28,105516.7900000001,59428.86571428573,67658.82526623465,-21570.90098052028
2019-03-29,143314.58,73130.44428571429,20801.18047695594,49382.95523732976
2019-03-30,0.0,63967.89714285714,-111542.93456672598,47575.03742386884
2019-03-31,0.0,131154.0242857142,-100977.26519854026,-30176.759087173938
2019-04-01,137130.71999999994,137211.43857142847,43850.4095355246,-43931.12810695313
2019-04-02,0.0,125080.99285714274,38414.599230450534,-163495.59208759328
2019-04-03,532116.0799999994,125080.99285714274,41795.18525610053,365239.90188675607
2019-04-04,147918.68999999997,125080.99285714274,67658.82526623465,-44821.12812337742
2019-04-05,58401.45999999999,117695.2599999999,20801.18047695594,-80094.98047695584
2019-04-06,0.0,181393.10285714275,-111542.93456672598,-69850.16829041677
2019-04-07,0.0,118531.26285714285,-100977.26519854026,-17553.997658602588
2019-04-08,85430.59000000003,145636.07428571428,43850.4095355246,-104055.89382123886
2019-04-09,445884.9,149830.05285714284,38414.599230450534,257640.24791240663
2019-04-10,92083.2,149830.05285714284,41795.18525610053,-99542.03811324338
2019-04-11,337652.36999999994,149830.05285714284,67658.82526623465,120163.49187662244
2019-04-12,87759.30999999997,146233.5914285714,20801.18047695594,-79275.46190552738
2019-04-13,0.0,93031.16714285713,-111542.93456672598,18511.76742386885
2019-04-14,0.0,80105.36714285713,-100977.26519854026,20871.898055683137
2019-04-15,60255.36000000001,31869.314285714274,43850.4095355246,-15464.363821238869
2019-04-16,73467.92999999996,22226.49428571428,38414.599230450534,12826.836483835148
2019-04-17,1602.6,22226.49428571428,41795.18525610053,-62419.07954181481
2019-04-18,0.0,22226.49428571428,67658.82526623465,-89885.31955194892
2019-04-19,20259.57,23117.108571428565,20801.18047695594,-23658.719048384504
2019-04-20,0.0,19906.415714285722,-111542.93456672598,91636.51885244026
2019-04-21,0.0,29718.268571428584,-100977.26519854026,71258.99662711169
2019-04-22,66489.66,36196.72857142858,43850.4095355246,-13557.478106953182
2019-04-23,50993.080000000045,53913.00142857144,38414.599230450534,-41334.52065902193
2019-04-24,70285.57000000002,53913.00142857144,41795.18525610053,-25422.61668467195
2019-04-25,45349.22,53913.00142857144,67658.82526623465,-76222.60669480609
2019-04-26,144273.48,44620.38142857144,20801.18047695594,78851.91809447262
2019-04-27,0.0,46838.158571428576,-111542.93456672598,64704.7759952974
2019-04-28,0.0,36797.362857142856,-100977.26519854026,64179.90234139741
2019-04-29,1441.32,43350.451428571425,43850.4095355246,-85759.54096409603
2019-04-30,66517.51999999999,72511.58285714284,38414.599230450534,-44408.66208759339
2019-05-01,0.0,72511.58285714284,41795.18525610053,-114306.76811324336
2019-05-02,91220.84000000001,72511.58285714284,67658.82526623465,-48949.56812337748
2019-05-03,348401.39999999997,76326.06142857143,20801.18047695594,251274.1580944726
2019-05-04,0.0,73612.81428571428,-111542.93456672598,37930.120281011696
2019-05-05,0.0,120627.35285714286,-100977.26519854026,-19650.0876586026
2019-05-06,28142.67,130859.75857142857,43850.4095355246,-146567.49810695316
2019-05-07,47524.79000000002,85460.35142857143,38414.599230450534,-76350.16065902195
2019-05-08,329101.77,85460.35142857143,41795.18525610053,201846.23331532805
2019-05-09,162847.67999999996,85460.35142857143,67658.82526623465,9728.50330519388
2019-05-10,30605.549999999996,84767.5142857143,20801.18047695594,-74963.14476267024
2019-05-11,0.0,85860.66428571429,-111542.93456672598,25682.27028101169
2019-05-12,0.0,42420.14142857142,-100977.26519854026,58557.12376996884
2019-05-13,23292.81,19628.23285714286,43850.4095355246,-40185.832392667464
2019-05-14,55176.84000000001,40321.33142857142,38414.599230450534,-23559.090659021946
2019-05-15,25018.11,40321.33142857142,41795.18525610053,-57098.40668467195
2019-05-16,3304.32,40321.33142857142,67658.82526623465,-104675.83669480607
2019-05-17,175457.24,40599.10571428571,20801.18047695594,114056.95380875834
2019-05-18,0.0,60846.272857142845,-111542.93456672598,50696.66170958313
2019-05-19,0.0,60851.89999999999,-100977.26519854026,40125.365198540276
2019-05-20,25237.23000000001,74524.16428571427,43850.4095355246,-93137.34382123887
2019-05-21,196907.00999999995,78159.36714285714,38414.599230450534,80333.04362669228
2019-05-22,25057.5,78159.36714285714,41795.18525610053,-94897.05239895766
2019-05-23,99010.17,78159.36714285714,67658.82526623465,-46808.02240909179
2019-05-24,200903.66000000003,100550.88142857142,20801.18047695594,79551.59809447268
2019-05-25,0.0,101558.05142857143,-111542.93456672598,9984.883138154546
2019-05-26,0.0,101101.36571428571,-100977.26519854026,-124.10051574544923
2019-05-27,181977.83000000002,105596.64142857143,43850.4095355246,32530.779035903986
2019-05-28,203957.20000000004,76934.69000000002,38414.599230450534,88607.91076954949
2019-05-29,21860.7,76934.69000000002,41795.18525610053,-96869.17525610054
2019-05-30,130477.10000000002,76934.69000000002,67658.82526623465,-14116.415266234646
2019-05-31,270.0,131685.16714285704,20801.18047695594,-152216.347619813
2019-06-01,0.0,119224.1099999999,-111542.93456672598,-7681.175433273922
2019-06-02,0.0,134808.9899999999,-100977.26519854026,-33831.72480145964
2019-06-03,565231.1699999993,154327.46714285703,43850.4095355246,367053.2933216177
2019-06-04,116729.80000000003,154288.8957142856,38414.599230450534,-75973.69494473611
2019-06-05,130954.86,154288.8957142856,41795.18525610053,-65129.22097038614
2019-06-06,267106.43999999994,156027.4457142856,67658.82526623465,43420.1690194797
2019-06-07,0.0,108900.16428571427,20801.18047695594,-129701.34476267021
2019-06-08,0.0,94212.82999999999,-111542.93456672598,17330.10456672599
2019-06-09,12169.849999999999,96882.09714285714,-100977.26519854026,16265.018055683118
2019-06-10,235340.19999999998,67448.20428571428,43850.4095355246,124041.58617876109
2019-06-11,13918.46,69656.32857142856,38414.599230450534,-94152.4678018791
2019-06-12,149639.73000000004,69656.32857142856,41795.18525610053,38188.21617247095
2019-06-13,61069.19,67917.77857142856,67658.82526623465,-74507.4138376632
2019-06-14,15456.869999999999,34297.75000000001,20801.18047695594,-39642.06047695594
2019-06-15,0.0,61383.84,-111542.93456672598,50159.09456672598
2019-06-16,0.0,49519.144285714276,-100977.26519854026,51458.12091282599
2019-06-17,0.0,40794.97428571428,43850.4095355246,-84645.38382123888
2019-06-18,203521.08999999997,49309.3557142857,38414.599230450534,115797.13505526375
2019-06-19,66586.86,55204.96142857142,41795.18525610053,-30413.286684671948
2019-06-20,0.0,55204.96142857142,67658.82526623465,-122863.78669480607
2019-06-21,75057.54000000001,68645.06714285714,20801.18047695594,-14388.707619813067
2019-06-22,41269.240000000005,51900.775714285715,-111542.93456672598,100911.39885244027
2019-06-23,0.0,64477.169999999984,-100977.26519854026,36500.09519854028
2019-06-24,94080.74,74253.12428571426,43850.4095355246,-24022.79382123886
2019-06-25,86311.04999999999,67784.40714285712,38414.599230450534,-19887.956373307665
2019-06-26,154621.61999999994,61888.80142857141,41795.18525610053,50937.63331532801
2019-06-27,68431.68,61888.80142857141,67658.82526623465,-61115.946694806065
2019-06-28,29776.52,70601.37428571428,20801.18047695594,-61626.03476267021
2019-06-29,0.0,62177.951428571425,-111542.93456672598,49364.98313815455
2019-06-30,0.0,42718.294285714284,-100977.26519854026,58258.97091282598
2019-07-01,155068.75000000003,87559.18000000004,43850.4095355246,23659.16046447539
2019-07-02,27347.089999999997,109808.47000000003,38414.599230450534,-120875.97923045057
2019-07-03,18404.019999999997,109808.47000000003,41795.18525610053,-133199.63525610056
2019-07-04,382317.8800000003,109808.47000000003,67658.82526623465,204850.58473376563
2019-07-05,185521.55,87655.79142857147,20801.18047695594,77064.57809447258
2019-07-06,0.0,89466.09142857147,-111542.93456672598,22076.84313815451
2019-07-07,0.0,109508.5714285715,-100977.26519854026,-8531.30623003123
2019-07-08,0.0,88760.36714285717,43850.4095355246,-132610.77667838178
2019-07-09,40019.19,63751.62428571432,38414.599230450534,-62147.033516164855
2019-07-10,158701.38000000024,63751.62428571432,41795.18525610053,53154.570458185386
2019-07-11,237080.45,90558.04714285719,67658.82526623465,78863.57759090817
2019-07-12,10460.35,107547.49428571433,20801.18047695594,-117888.32476267027
2019-07-13,0.0,109480.37000000005,-111542.93456672598,2062.564566725923
2019-07-14,187644.96000000005,93497.50000000001,-100977.26519854026,195124.7251985403
2019-07-15,118926.13000000002,95080.03285714287,43850.4095355246,-20004.312392667453
2019-07-16,53549.32000000001,93585.69714285716,38414.599230450534,-78450.97637330768
2019-07-17,46821.29000000001,93585.69714285716,41795.18525610053,-88559.59239895767
2019-07-18,248158.18000000002,86538.65857142856,67658.82526623465,93960.69616233681
2019-07-19,0.0,79532.69142857143,20801.18047695594,-100333.87190552737
2019-07-20,0.0,82956.24571428572,-111542.93456672598,28586.68885244026
2019-07-21,138315.68999999997,76546.71142857143,-100977.26519854026,162746.2437699688
2019-07-22,69884.36,66800.55857142858,43850.4095355246,-40766.60810695319
2019-07-23,77514.20000000006,88295.67571428572,38414.599230450534,-49196.0749447362
2019-07-24,1954.5500000000002,88295.67571428572,41795.18525610053,-128136.31097038626
2019-07-25,179935.11000000002,68536.29142857144,67658.82526623465,43739.99330519393
2019-07-26,150465.81999999998,69037.92714285717,20801.18047695594,60626.71238018687
2019-07-27,0.0,57964.47000000001,-111542.93456672598,53578.46456672597
2019-07-28,0.0,69250.03571428572,-100977.26519854026,31727.229484254538
2019-07-29,73395.81000000008,63857.180000000015,43850.4095355246,-34311.77953552453
2019-07-30,0.0,123670.61571428584,38414.599230450534,-162085.2149447364
2019-07-31,80953.51000000004,123670.61571428584,41795.18525610053,-84512.29097038633
2019-08-01,142185.12000000002,123670.61571428584,67658.82526623465,-49144.32098052047
2019-08-02,569159.8700000008,114077.58571428583,20801.18047695594,434281.103808759
2019-08-03,0.0,117566.6542857144,-111542.93456672598,-6023.719718988417
2019-08-04,0.0,115399.97000000012,-100977.26519854026,-14422.704801459855
2019-08-05,6244.6,129028.48000000013,43850.4095355246,-166634.28953552473
2019-08-06,24423.48,87609.73285714287,38414.599230450534,-101600.8520875934
2019-08-07,65786.71999999999,87609.73285714287,41795.18525610053,-63618.19811324341
2019-08-08,237584.69000000003,87609.73285714287,67658.82526623465,82316.13187662252
2019-08-09,279228.64000000013,95848.09857142859,20801.18047695594,162579.3609516156
2019-08-10,0.0,130874.09,-111542.93456672598,-19331.15543327402
2019-08-11,0.0,122537.02857142859,-100977.26519854026,-21559.763372888323
2019-08-12,63913.16000000001,103335.44428571429,43850.4095355246,-83272.69382123888
2019-08-13,269605.4199999999,77131.45857142856,38414.599230450534,154059.36219812086
2019-08-14,7427.289999999999,77131.45857142856,41795.18525610053,-111499.35382752909
2019-08-15,103173.60000000002,77131.45857142856,67658.82526623465,-41616.68383766319
2019-08-16,95800.73999999999,68001.00714285712,20801.18047695594,6998.552380186928
2019-08-17,0.0,45971.11,-111542.93456672598,65571.82456672598
2019-08-18,0.0,47229.14142857142,-100977.26519854026,53748.12376996884
2019-08-19,0.0,95858.63571428573,43850.4095355246,-139709.04524981033
2019-08-20,115396.13999999998,91309.04285714288,38414.599230450534,-14327.502087593428
2019-08-21,16233.509999999995,91309.04285714288,41795.18525610053,-116870.7181132434
2019-08-22,443580.0600000002,91309.04285714288,67658.82526623465,284612.1918766227
2019-08-23,63953.59000000001,112037.28285714287,20801.18047695594,-68884.8733340988
2019-08-24,0.0,107449.47714285715,-111542.93456672598,4093.457423868822
2019-08-25,0.0,115912.4942857143,-100977.26519854026,-14935.22908717404
2019-08-26,145097.67999999996,64302.53428571427,43850.4095355246,36944.73617876109
2019-08-27,83281.5,55166.30714285713,38414.599230450534,-10299.406373307662
2019-08-28,75474.62999999999,55166.30714285713,41795.18525610053,-21486.862398957666
2019-08-29,82310.34,81591.40857142856,67658.82526623465,-66939.89383766321
2019-08-30,0.0,126041.17857142864,20801.18047695594,-146842.3590483846
2019-08-31,0.0,124705.98428571435,-111542.93456672598,-13163.049718988375
2019-09-01,184975.71,118591.30571428579,-100977.26519854026,167361.66948425447
2019-09-02,456246.0700000005,141830.56142857147,43850.4095355246,270565.0990359044
2019-09-03,73935.13999999998,143383.31571428577,38414.599230450534,-107862.77494473632
2019-09-04,32671.88000000001,143383.31571428577,41795.18525610053,-152506.62097038628
2019-09-05,244985.12999999995,116958.21428571435,67658.82526623465,60368.09044805095
2019-09-06,10869.280000000002,55127.534285714275,20801.18047695594,-65059.43476267021
2019-09-07,0.0,116517.40428571428,-111542.93456672598,-4974.469718988301
2019-09-08,0.0,111849.99285714285,-100977.26519854026,-10872.727658602584
2019-09-09,23431.310000000005,102901.11,43850.4095355246,-123320.2095355246
2019-09-10,503664.23,104917.69285714286,38414.599230450534,360331.9379124066
2019-09-11,0.0,104917.69285714286,41795.18525610053,-146712.87811324338
2019-09-12,182342.95,104917.69285714286,67658.82526623465,9766.431876622504
2019-09-13,24985.360000000004,127126.81428571427,20801.18047695594,-122942.6347626702
2019-09-14,0.0,76298.03857142857,-111542.93456672598,35244.89599529741
2019-09-15,0.0,81295.83142857143,-100977.26519854026,19681.433769968833
2019-09-16,178895.15999999995,68336.77285714285,43850.4095355246,66707.97760733249
2019-09-17,147862.8,121797.08428571429,38414.599230450534,-12348.883516164831
2019-09-18,34984.55,121797.08428571429,41795.18525610053,-128607.71954181482
2019-09-19,91629.54000000002,121797.08428571429,67658.82526623465,-97826.36955194891
2019-09-20,399207.54000000004,114368.87142857144,20801.18047695594,264037.4880944727
2019-09-21,0.0,144184.7585714286,-111542.93456672598,-32641.82400470262
2019-09-22,0.0,155278.51,-100977.26519854026,-54301.24480145975
2019-09-23,126897.67000000001,162216.74999999997,43850.4095355246,-79169.48953552457
2019-09-24,356574.01,112832.65714285713,38414.599230450534,205326.75362669234
2019-09-25,112640.81000000001,112832.65714285713,41795.18525610053,-41987.03239895765
2019-09-26,140197.21999999986,112832.65714285713,67658.82526623465,-40294.26240909193
2019-09-27,53518.89000000001,96180.69999999998,20801.18047695594,-63462.990476955914
2019-09-28,0.0,133313.95714285722,-111542.93456672598,-21771.022576131247
2019-09-29,0.0,130681.75714285723,-100977.26519854026,-29704.491944316964
2019-09-30,10333.970000000003,162660.8300000001,43850.4095355246,-196177.2695355247
2019-10-01,616506.8100000008,157194.02428571437,38414.599230450534,420898.18648383586
2019-10-02,94215.40999999997,157194.02428571437,41795.18525610053,-104773.79954181492
2019-10-03,364050.73,157194.02428571437,67658.82526623465,139197.88044805097
2019-10-04,15251.250000000002,197889.8771428572,20801.18047695594,-203439.80761981313
2019-10-05,0.0,111934.27857142851,-111542.93456672598,-391.34400470253604
2019-10-06,0.0,130753.92999999996,-100977.26519854026,-29776.6648014597
2019-10-07,295204.93999999977,105960.83571428565,43850.4095355246,145393.6947501895
2019-10-08,14817.619999999997,106121.66571428566,38414.599230450534,-129718.6449447362
2019-10-09,225952.96999999997,106121.66571428566,41795.18525610053,78036.1190296138
2019-10-10,190499.0699999999,106121.66571428566,67658.82526623465,16718.579019479585
2019-10-11,16377.059999999996,92030.66714285711,20801.18047695594,-96454.78761981305
2019-10-12,0.0,100564.16714285711,-111542.93456672598,10978.767423868863
2019-10-13,0.0,116598.62571428568,-100977.26519854026,-15621.360515745415
2019-10-14,196567.94999999992,96493.59285714285,43850.4095355246,56223.94760733247
2019-10-15,74552.12000000005,163161.59714285718,38414.599230450534,-127024.07637330766
2019-10-16,338194.18000000005,163161.59714285718,41795.18525610053,133237.39760104235
2019-10-17,49763.840000000004,163161.59714285718,67658.82526623465,-181056.58240909182
2019-10-18,483053.0900000004,147219.5028571429,20801.18047695594,315032.40666590154
2019-10-19,0.0,138436.56857142862,-111542.93456672598,-26893.634004702646
2019-10-20,0.0,120547.63571428573,-100977.26519854026,-19570.370515745468
2019-10-21,84973.29000000001,187875.6057142857,43850.4095355246,-146752.7252498103
2019-10-22,13071.579999999998,127247.44142857137,38414.599230450534,-152590.46065902192
2019-10-23,212971.64999999982,127247.44142857137,41795.18525610053,43929.02331532792
2019-10-24,521059.6299999998,127247.44142857137,67658.82526623465,326153.3633051938
2019-10-25,58655.94000000001,132944.33428571423,20801.18047695594,-95089.57476267016
2019-10-26,0.0,138709.33571428564,-111542.93456672598,-27166.401147559664
2019-10-27,0.0,137222.32571428566,-100977.26519854026,-36245.0605157454
2019-10-28,124851.54,69435.52714285713,43850.4095355246,11565.603321618262
2019-10-29,53426.58999999999,149015.08428571429,38414.599230450534,-134003.0935161648
2019-10-30,202562.58,149015.08428571429,41795.18525610053,11752.310458185173
2019-10-31,46552.03999999999,254603.57714285725,67658.82526623465,-275710.3624090919
2019-11-01,615712.84,237849.4742857144,20801.18047695594,357062.1852373296
2019-11-02,0.0,261801.48714285725,-111542.93456672598,-150258.55257613127
2019-11-03,739119.4500000008,276609.0285714287,-100977.26519854026,563487.6866271123
2019-11-04,7572.820000000001,297497.8057142858,43850.4095355246,-333775.3952498104
2019-11-05,221090.67999999996,213735.6557142858,38414.599230450534,-31059.574944736363
2019-11-06,306215.37,213735.6557142858,41795.18525610053,50684.52902961367
2019-11-07,192773.48000000004,108147.16285714286,67658.82526623465,16967.49187662253
2019-11-08,29377.78999999999,136167.11428571428,20801.18047695594,-127590.50476267023
2019-11-09,0.0,154068.06714285712,-111542.93456672598,-42525.132576131145
2019-11-10,0.0,120145.6657142857,-100977.26519854026,-19168.400515745438
2019-11-11,203712.48000000004,157299.81714285712,43850.4095355246,2562.2533216183147
2019-11-12,346397.3499999999,163547.33285714284,38414.599230450534,144435.41791240656
2019-11-13,68758.55999999998,163547.33285714284,41795.18525610053,-136583.9581132434
2019-11-14,452852.5400000001,163547.33285714284,67658.82526623465,221646.38187662262
2019-11-15,73110.40000000001,134445.55,20801.18047695594,-82136.33047695592
2019-11-16,0.0,123905.71142857143,-111542.93456672598,-12362.776861845457
2019-11-17,0.0,146168.66,-100977.26519854026,-45191.39480145974
2019-11-18,0.0,112703.05142857143,43850.4095355246,-156553.46096409604
2019-11-19,272618.48,110919.79428571429,38414.599230450534,123284.08648383517
2019-11-20,224599.2000000001,112565.77,41795.18525610053,70238.24474389956
2019-11-21,218593.28000000006,112565.77,67658.82526623465,38368.6847337654
2019-11-22,60627.59999999999,121984.42142857143,20801.18047695594,-82158.00190552737
2019-11-23,11521.83,94075.46285714288,-111542.93456672598,28989.301709583102
2019-11-24,0.0,79575.00571428571,-100977.26519854026,21402.25948425455
2019-11-25,65930.55999999997,100172.80857142856,43850.4095355246,-78092.6581069532
2019-11-26,77255.77000000006,91511.72285714284,38414.599230450534,-52670.552087593314
2019-11-27,123096.0,89865.74714285713,41795.18525610053,-8564.932398957659
2019-11-28,362777.8999999999,89865.74714285713,67658.82526623465,205253.32759090816
2019-11-29,0.0,135030.60428571427,20801.18047695594,-155831.78476267023
2019-11-30,0.0,223014.31571428577,-111542.93456672598,-111471.38114755979
2019-12-01,0.0,212123.45857142864,-100977.26519854026,-111146.19337288837
2019-12-02,382084.5600000001,182132.1557142858,43850.4095355246,156101.9947501897
2019-12-03,693141.7500000005,234980.74428571438,38414.599230450534,419746.4064838356
2019-12-04,46860.00000000001,234980.74428571438,41795.18525610053,-229915.9295418149
2019-12-05,152838.78000000003,234980.74428571438,67658.82526623465,-149800.789551949
2019-12-06,369940.12000000005,186096.27428571435,20801.18047695594,163042.66523732978
2019-12-07,0.0,89181.82428571429,-111542.93456672598,22361.110281011686
2019-12-08,0.0,86641.16571428573,-100977.26519854026,14336.099484254533
2019-12-09,39893.27,113198.09857142858,43850.4095355246,-117155.23810695318
2019-12-10,14740.600000000002,100886.94714285713,38414.599230450534,-124560.94637330766
2019-12-11,29075.390000000007,100886.94714285713,41795.18525610053,-113606.74239895763
2019-12-12,338737.31,100886.94714285713,67658.82526623465,170191.53759090824
2019-12-13,283762.06,105716.04999999999,20801.18047695594,157244.82952304406
2019-12-14,0.0,119329.66428571429,-111542.93456672598,-7786.72971898831
2019-12-15,0.0,122954.78857142857,-100977.26519854026,-21977.523372888303
2019-12-16,73696.99,103875.59142857141,43850.4095355246,-74029.010964096
2019-12-17,110035.90000000001,67240.62285714285,38414.599230450534,4380.677912406623
2019-12-18,54451.26000000002,67240.62285714285,41795.18525610053,-54584.54811324336
2019-12-19,205182.92999999993,67240.62285714285,67658.82526623465,70283.48187662243
2019-12-20,27317.28,106172.3957142857,20801.18047695594,-99656.29619124164
2019-12-21,0.0,90452.98142857142,-111542.93456672598,21089.953138154553
2019-12-22,0.0,82674.22999999998,-100977.26519854026,18303.03519854028
2019-12-23,346219.39999999997,61889.481428571424,43850.4095355246,240479.5090359039
2019-12-24,0.0,72945.26,38414.599230450534,-111359.85923045053
2019-12-25,0.0,72945.26,41795.18525610053,-114740.44525610053
2019-12-26,59689.69000000002,72945.26,67658.82526623465,-80914.39526623463
2019-12-27,104707.73000000001,24501.717142857146,20801.18047695594,59404.83238018693
2019-12-28,0.0,24501.717142857146,-111542.93456672598,87041.21742386883
2019-12-29,0.0,109037.12000000001,-100977.26519854026,-8059.854801459747
2019-12-30,7114.6,204628.74571428576,43850.4095355246,-241364.55524981036
2019-12-31,0.0,201811.01428571437,38414.599230450534,-240225.61351616489
2020-01-01,591747.8200000001,201811.01428571437,41795.18525610053,348141.62045818515
2020-01-02,728831.0700000004,201811.01428571437,67658.82526623465,459361.2304480514
2020-01-03,84983.61000000002,227571.19571428577,20801.18047695594,-163388.76619124168
2020-01-04,0.0,247259.75571428577,-111542.93456672598,-135716.8211475598
2020-01-05,0.0,163257.13857142863,-100977.26519854026,-62279.87337288837
2020-01-06,187435.87,78610.2157142857,43850.4095355246,64975.24475018969
2020-01-07,137819.91999999995,110591.70714285714,38414.599230450534,-11186.386373307716
2020-01-08,3729.5,110591.70714285714,41795.18525610053,-148657.39239895766
2020-01-09,136302.61,110591.70714285714,67658.82526623465,-41947.9224090918
2020-01-10,308854.05000000005,95949.65000000001,20801.18047695594,192103.21952304407
2020-01-11,0.0,96820.75,-111542.93456672598,14722.184566725977
2020-01-12,0.0,112201.20857142858,-100977.26519854026,-11223.943372888316
2020-01-13,84941.47000000002,99743.5642857143,43850.4095355246,-58652.50382123888
2020-01-14,143917.62000000002,63274.01714285714,38414.599230450534,42229.003626692356
2020-01-15,111392.70999999999,63274.01714285714,41795.18525610053,6323.507601042322
2020-01-16,49099.1,63274.01714285714,67658.82526623465,-81833.74240909179
2020-01-17,53567.219999999994,75184.05428571429,20801.18047695594,-42418.01476267023
2020-01-18,0.0,74035.92857142857,-111542.93456672598,37507.00599529741
2020-01-19,0.0,97770.08571428573,-100977.26519854026,3207.179484254535
2020-01-20,168311.72999999998,106219.82285714286,43850.4095355246,18241.497607332516
2020-01-21,135880.73999999996,120432.48142857144,38414.599230450534,-22966.34065902201
2020-01-22,277531.8100000001,120432.48142857144,41795.18525610053,115304.14331532814
2020-01-23,108247.26000000002,120432.48142857144,67658.82526623465,-79844.04669480606
2020-01-24,153055.83,121228.03428571428,20801.18047695594,11026.615237329766
2020-01-25,0.0,129526.5042857143,-111542.93456672598,-17983.56971898832
2020-01-26,0.0,92492.59999999998,-100977.26519854026,8484.665198540286
2020-01-27,173880.59999999998,84178.18714285712,43850.4095355246,45852.00332161826
2020-01-28,193970.02999999994,70583.53714285712,38414.599230450534,84971.89362669228
2020-01-29,18294.480000000003,70583.53714285712,41795.18525610053,-94084.24239895765
2020-01-30,50046.37,70583.53714285712,67658.82526623465,-88195.99240909176
2020-01-31,57893.28000000001,201126.01428571422,20801.18047695594,-164033.91476267017
2020-02-01,0.0,179946.1628571428,-111542.93456672598,-68403.22829041682
2020-02-02,0.0,194696.43857142853,-100977.26519854026,-93719.17337288827
2020-02-03,1087677.9399999997,205249.0428571428,43850.4095355246,838578.4876073323
2020-02-04,45711.07000000001,197196.36571428564,38414.599230450534,-189899.89494473615
2020-02-05,121546.41000000005,197196.36571428564,41795.18525610053,-117445.14097038613
2020-02-06,123914.59999999993,197196.36571428564,67658.82526623465,-140940.59098052036
2020-02-07,1524.54,60507.775714285715,20801.18047695594,-79784.41619124165
2020-02-08,0.0,137671.9985714285,-111542.93456672598,-26129.064004702523
2020-02-09,0.0,135241.61714285705,-100977.26519854026,-34264.35194431679
2020-02-10,130857.81000000004,192304.5157142857,43850.4095355246,-105297.11524981025
2020-02-11,585860.6299999995,233740.4471428571,38414.599230450534,313705.5836266919
2020-02-12,104533.73999999999,233740.4471428571,41795.18525610053,-171001.89239895763
2020-02-13,523354.89000000025,233740.4471428571,67658.82526623465,221955.61759090848
2020-02-14,291576.0599999999,226656.49857142853,20801.18047695594,44118.380951615414
2020-02-15,0.0,153365.05142857146,-111542.93456672598,-41822.11686184548
2020-02-16,0.0,152319.07714285713,-100977.26519854026,-51341.81194431687
2020-02-17,81270.16999999995,98469.45857142853,43850.4095355246,-61049.69810695318
2020-02-18,72820.49999999999,94643.78714285712,38414.599230450534,-60237.88637330767
2020-02-19,97211.91999999998,94643.78714285712,41795.18525610053,-39227.05239895767
2020-02-20,146407.55999999997,94643.78714285712,67658.82526623465,-15895.052409091804
2020-02-21,264796.36000000004,83033.76285714285,20801.18047695594,160961.41666590126
2020-02-22,0.0,72630.83428571429,-111542.93456672598,38912.10028101169
2020-02-23,0.0,69564.64428571428,-100977.26519854026,31412.62091282598
2020-02-24,0.0,75101.42285714285,43850.4095355246,-118951.83239266745
2020-02-25,0.0,87667.4142857143,38414.599230450534,-126082.01351616484
2020-02-26,75748.58999999998,89398.15714285716,41795.18525610053,-55444.75239895771
2020-02-27,185165.00999999998,89398.15714285716,67658.82526623465,28108.02759090817
2020-02-28,352758.3000000002,188745.8857142857,20801.18047695594,143211.2338087586
2020-02-29,12115.2,213114.4571428571,-111542.93456672598,-89456.32257613112
2020-03-01,0.0,206804.84857142856,-100977.26519854026,-105827.5833728883
2020-03-02,695434.0999999997,205340.6471428571,43850.4095355246,446243.04332161805
2020-03-03,170580.0,188718.91428571424,38414.599230450534,-56553.51351616478
2020-03-04,31581.33,186988.1714285714,41795.18525610053,-197202.0266846719
2020-03-05,174915.60000000003,186988.1714285714,67658.82526623465,-79731.39669480601
2020-03-06,236406.17000000004,106977.19,20801.18047695594,108627.7995230441
2020-03-07,0.0,108395.6642857143,-111542.93456672598,3147.2702810116753
2020-03-08,0.0,111376.44714285716,-100977.26519854026,-10399.181944316893
2020-03-09,135357.22999999998,102252.20714285712,43850.4095355246,-10745.386678381743
2020-03-10,180509.32000000004,168665.36571428576,38414.599230450534,-26570.644944736254
2020-03-11,52446.81,168665.36571428576,41795.18525610053,-158013.74097038628
2020-03-12,111045.91999999991,168665.36571428576,67658.82526623465,-125278.2709805205
2020-03-13,701298.2800000005,182296.24857142864,20801.18047695594,498200.8509516159
2020-03-14,0.0,176568.7914285715,-111542.93456672598,-65025.85686184553
2020-03-15,0.0,199851.67000000007,-100977.26519854026,-98874.40480145981
2020-03-16,230773.41000000012,234555.40714285724,43850.4095355246,-47632.40667838172
2020-03-17,140417.12000000002,134369.9385714286,38414.599230450534,-32367.4178018791
2020-03-18,215426.96000000002,134369.9385714286,41795.18525610053,39261.8361724709
2020-03-19,353972.08,134369.9385714286,67658.82526623465,151943.3161623368
2020-03-20,0.0,101402.30857142858,20801.18047695594,-122203.48904838452
2020-03-21,0.0,81342.72,-111542.93456672598,30200.214566725976
2020-03-22,0.0,74113.22285714286,-100977.26519854026,26864.042341397406
2020-03-23,0.0,25560.265714285717,43850.4095355246,-69410.67524981032
2020-03-24,0.0,27086.544285714288,38414.599230450534,-65501.143516164826
2020-03-25,164820.48,27086.544285714288,41795.18525610053,95938.75045818521
2020-03-26,14101.380000000005,27086.544285714288,67658.82526623465,-80643.98955194894
2020-03-27,10683.95,31057.59285714286,20801.18047695594,-41174.82333409879
2020-03-28,0.0,31057.59285714286,-111542.93456672598,80485.34170958312
2020-03-29,0.0,101570.24571428567,-100977.26519854026,-592.9805157454102
2020-03-30,27797.34000000001,106545.96428571425,43850.4095355246,-122599.03382123885
2020-03-31,0.0,105019.68571428568,38414.599230450534,-143434.28494473622
2020-04-01,658409.0499999998,105019.68571428568,41795.18525610053,511594.17902961356
2020-04-02,48931.41000000001,149370.89571428567,67658.82526623465,-168098.31098052033
2020-04-03,0.0,172133.37999999995,20801.18047695594,-192934.5604769559
2020-04-04,0.0,205141.18571428565,-111542.93456672598,-93598.25114755967
2020-04-05,310458.47,113260.66428571429,-100977.26519854026,298175.070912826
2020-04-06,187134.73000000004,106270.46285714283,43850.4095355246,37013.857607332604
2020-04-07,231054.63999999996,106270.46285714283,38414.599230450534,86369.57791240659
2020-04-08,15245.400000000005,106270.46285714283,41795.18525610053,-132820.24811324335
2020-04-09,0.0,80518.64428571428,67658.82526623465,-148177.46955194895
2020-04-10,0.0,60456.55571428571,20801.18047695594,-81257.73619124165
2020-04-11,0.0,30715.95,-111542.93456672598,80826.98456672598
2020-04-12,130195.73999999999,32213.821428571428,-100977.26519854026,198959.18376996883
2020-04-13,46700.11000000001,40478.30285714286,43850.4095355246,-37628.60239266745
2020-04-14,22870.399999999998,40478.30285714286,38414.599230450534,-56022.5020875934
2020-04-15,25730.5,40478.30285714286,41795.18525610053,-56542.98811324339
2020-04-16,57851.37,21878.91142857143,67658.82526623465,-31686.366694806078
2020-04-17,0.0,22017.682857142856,20801.18047695594,-42818.863334098794
2020-04-18,0.0,24719.74142857143,-111542.93456672598,86823.19313815454
2020-04-19,0.0,27759.818571428572,-100977.26519854026,73217.4466271117
2020-04-20,47671.51000000001,53788.51714285714,43850.4095355246,-49967.416678381735
2020-04-21,41784.81,59814.08,38414.599230450534,-56443.86923045054
2020-04-22,47011.04000000001,59814.08,41795.18525610053,-54598.22525610052
2020-04-23,240052.26000000004,59814.08,67658.82526623465,112579.3547337654
2020-04-24,42178.94000000002,54112.39000000001,20801.18047695594,-32734.63047695593
2020-04-25,0.0,48143.13142857143,-111542.93456672598,63399.803138154544
2020-04-26,0.0,67978.31428571427,-100977.26519854026,32998.950912825996
2020-04-27,7759.68,39048.13714285713,43850.4095355246,-75138.86667838173
2020-04-28,0.0,33022.57428571427,38414.599230450534,-71437.1735161648
2020-04-29,185857.3199999999,39610.205714285694,41795.18525610053,104451.92902961368
2020-04-30,37541.020000000004,39610.205714285694,67658.82526623465,-69728.01098052034
2020-05-01,0.0,69572.10285714283,20801.18047695594,-90373.28333409877
2020-05-02,46113.420000000006,146813.24571428567,-111542.93456672598,10843.108852440317
2020-05-03,0.0,129319.56142857141,-100977.26519854026,-28342.29623003115
2020-05-04,217492.96000000002,152082.24285714285,43850.4095355246,21560.307607332572
2020-05-05,540687.9999999999,158689.0914285714,38414.599230450534,343584.309340978
2020-05-06,63401.53000000002,152101.45999999996,41795.18525610053,-130495.11525610046
2020-05-07,196879.79,152101.45999999996,67658.82526623465,-22880.495266234604
2020-05-08,46247.939999999995,128310.69999999998,20801.18047695594,-102863.94047695592
2020-05-09,0.0,57231.32,-111542.93456672598,54311.61456672598
2020-05-10,0.0,60745.171428571426,-100977.26519854026,40232.09376996884
2020-05-11,50957.64,35140.08999999999,43850.4095355246,-28032.859535524593
2020-05-12,43132.33999999999,44400.99142857141,38414.599230450534,-39683.25065902196
2020-05-13,87998.49,44400.99142857141,41795.18525610053,1802.313315328065
2020-05-14,17644.22,44400.99142857141,67658.82526623465,-94415.59669480607
2020-05-15,111074.2499999999,37665.80714285713,20801.18047695594,52607.26238018683
2020-05-16,0.0,44682.68714285713,-111542.93456672598,66860.24742386884
2020-05-17,0.0,36128.232857142844,-100977.26519854026,64849.03234139742
2020-05-18,3811.3500000000004,74336.22285714284,43850.4095355246,-114375.28239266743
2020-05-19,92250.49999999999,59375.93714285714,38414.599230450534,-5540.036373307688
2020-05-20,28117.31,59375.93714285714,41795.18525610053,-73053.81239895767
2020-05-21,285100.15,59375.93714285714,67658.82526623465,158065.3875909082
2020-05-22,6352.25,58831.45857142857,20801.18047695594,-73280.3890483845
2020-05-23,0.0,171204.23714285714,-111542.93456672598,-59661.30257613116
2020-05-24,0.0,179509.57714285713,-100977.26519854026,-78532.31194431687
2020-05-25,0.0,143582.78285714285,43850.4095355246,-187433.19239266746
2020-05-26,878859.9500000001,150842.49714285714,38414.599230450534,689602.8536266923
2020-05-27,86254.6899999999,150842.49714285714,41795.18525610053,-106382.99239895778
2020-05-28,33612.590000000004,150842.49714285714,67658.82526623465,-184888.73240909178
2020-05-29,57170.24999999999,194503.76142857142,20801.18047695594,-158134.69190552738
2020-05-30,0.0,78334.28714285711,-111542.93456672598,33208.64742386887
2020-05-31,0.0,192617.8928571428,-100977.26519854026,-91640.62765860255
2020-06-01,305628.85,229738.94999999995,43850.4095355246,32039.49046447542
2020-06-02,65673.63,224984.39285714284,38414.599230450534,-197725.36208759336
2020-06-03,886239.9299999998,224984.39285714284,41795.18525610053,619460.3518867565
2020-06-04,293459.9900000001,224984.39285714284,67658.82526623465,816.7718766226171
2020-06-05,23888.35,184317.50428571427,20801.18047695594,-181230.33476267022
2020-06-06,0.0,187077.28285714283,-111542.93456672598,-75534.34829041685
2020-06-07,0.0,62177.508571428574,-100977.26519854026,38799.75662711169
2020-06-08,20960.63,44817.96714285713,43850.4095355246,-67707.74667838174
2020-06-09,84992.07999999997,46970.4657142857,38414.599230450534,-392.9849447362649
2020-06-10,11941.509999999998,46970.4657142857,41795.18525610053,-76824.14097038624
2020-06-11,171943.2,46970.4657142857,67658.82526623465,57313.90901947966
2020-06-12,38955.83999999999,43976.08999999999,20801.18047695594,-25821.43047695594
2020-06-13,0.0,54389.64857142856,-111542.93456672598,57153.28599529742
2020-06-14,0.0,53631.93714285713,-100977.26519854026,47345.32805568313
2020-06-15,0.0,43175.438571428545,43850.4095355246,-87025.84810695314
2020-06-16,157886.98999999993,199724.7328571428,38414.599230450534,-80252.34208759341
2020-06-17,6637.530000000001,199724.7328571428,41795.18525610053,-234882.38811324333
2020-06-18,98747.70999999992,199724.7328571428,67658.82526623465,-168635.84812337754
2020-06-19,1134800.8999999997,338478.01285714284,20801.18047695594,775521.7066659009
2020-06-20,0.0,406821.01428571425,-111542.93456672598,-295278.0797189883
2020-06-21,0.0,424440.1671428571,-100977.26519854026,-323462.9019443168
2020-06-22,971272.96,417184.88714285713,43850.4095355246,510237.6633216183
2020-06-23,636288.0,271267.64999999997,38414.599230450534,326605.7507695495
2020-06-24,129971.59999999998,316685.24999999994,41795.18525610053,-228508.8352561005
2020-06-25,47960.75,316685.24999999994,67658.82526623465,-336383.3252662346
2020-06-26,113380.24,192665.26571428572,20801.18047695594,-100086.20619124165
2020-06-27,317923.2,129846.45285714284,-111542.93456672598,299619.68170958315
2020-06-28,0.0,133071.08142857143,-100977.26519854026,-32093.816230031167
2020-06-29,103133.06999999993,126219.5457142857,43850.4095355246,-66936.88524981038
2020-06-30,196556.31000000003,155390.4342857143,38414.599230450534,2751.2764838352014
2020-07-01,152544.0,109972.83428571429,41795.18525610053,775.9804581851859
2020-07-02,0.0,109972.83428571429,67658.82526623465,-177631.65955194895
2020-07-03,317576.4600000001,129363.76285714286,20801.18047695594,167411.5166659013
2020-07-04,0.0,108952.63,-111542.93456672598,2590.304566725972
2020-07-05,0.0,179500.57428571425,-100977.26519854026,-78523.30908717398
2020-07-06,238869.57,179500.57428571425,43850.4095355246,15518.586178761157
2020-07-07,53678.37999999999,134132.50857142854,38414.599230450534,-118868.72780187908
2020-07-08,646379.6099999998,134132.50857142854,41795.18525610053,470451.91617247066
2020-07-09,0.0,134132.50857142854,67658.82526623465,-201791.33383766317
2020-07-10,0.0,122508.86428571423,20801.18047695594,-143310.04476267018
2020-07-11,0.0,146643.36857142852,-111542.93456672598,-35100.43400470255
2020-07-12,0.0,60596.789999999986,-100977.26519854026,40380.475198540276
2020-07-13,157504.05999999997,82784.06857142856,43850.4095355246,30869.5818930468
2020-07-14,222619.90999999997,89898.59857142856,38414.599230450534,94306.71219812088
2020-07-15,44053.560000000005,89898.59857142856,41795.18525610053,-87640.22382752909
2020-07-16,155310.95,91189.50714285714,67658.82526623465,-3537.382409091777
2020-07-17,49801.71000000001,83335.01999999999,20801.18047695594,-54334.49047695592
2020-07-18,0.0,65129.06428571428,-111542.93456672598,46413.870281011696
2020-07-19,9036.36,75901.75571428571,-100977.26519854026,34111.86948425455
2020-07-20,102522.65000000001,59128.72714285713,43850.4095355246,-456.48667838172696
2020-07-21,95178.21999999994,62152.46285714285,38414.599230450534,-5388.842087593439
2020-07-22,119462.4,62152.46285714285,41795.18525610053,15514.751886756618
2020-07-23,37899.74999999999,60861.55428571428,67658.82526623465,-90620.62955194894
2020-07-24,70967.86,65531.74857142856,20801.18047695594,-15365.069048384496
2020-07-25,0.0,80405.64285714286,-111542.93456672598,31137.29170958312
2020-07-26,0.0,77218.34,-100977.26519854026,23758.925198540266
2020-07-27,135214.01,126112.18000000002,43850.4095355246,-34748.579535524615
2020-07-28,199295.47999999998,119939.37000000001,38414.599230450534,40941.51076954944
2020-07-29,97151.28,119939.37000000001,41795.18525610053,-64583.27525610054
2020-07-30,380156.6300000002,119939.37000000001,67658.82526623465,192558.43473376555
2020-07-31,27758.190000000006,135512.99714285717,20801.18047695594,-128555.98761981311
2020-08-01,0.0,113055.78571428574,-111542.93456672598,-1512.8511475597625
2020-08-02,0.0,129611.43142857145,-100977.26519854026,-28634.166230031187
2020-08-03,244229.40000000002,76501.19428571429,43850.4095355246,123877.79617876111
2020-08-04,42095.00000000001,119746.69714285714,38414.599230450534,-116066.29637330766
2020-08-05,213040.79999999996,119746.69714285714,41795.18525610053,51498.91760104229
2020-08-06,8384.97,119746.69714285714,67658.82526623465,-179020.5524090918
2020-08-07,330476.70999999996,135111.12285714282,20801.18047695594,174564.4066659012
2020-08-08,0.0,160827.1171428571,-111542.93456672598,-49284.182576131134
2020-08-09,0.0,132514.28285714283,-100977.26519854026,-31537.017658602563
2020-08-10,351780.3799999999,171647.7571428571,43850.4095355246,136282.21332161818
2020-08-11,222106.96,132859.83857142855,38414.599230450534,50832.5221981209
2020-08-12,14850.959999999997,132859.83857142855,41795.18525610053,-159804.06382752908
2020-08-13,282319.29,132859.83857142855,67658.82526623465,81800.62616233678
2020-08-14,58961.27999999999,82605.49857142856,20801.18047695594,-44445.399048384505
2020-08-15,0.0,69175.93285714285,-111542.93456672598,42367.00170958313
2020-08-16,0.0,77186.88,-100977.26519854026,23790.385198540258
2020-08-17,0.0,79681.03714285715,43850.4095355246,-123531.44667838176
2020-08-18,128100.0,88195.22142857143,38414.599230450534,1490.1793409780366
2020-08-19,70927.59000000001,88195.22142857143,41795.18525610053,-59062.81668467195
2020-08-20,299778.39,88195.22142857143,67658.82526623465,143924.34330519394
2020-08-21,118560.57000000002,109463.92285714287,20801.18047695594,-11704.533334098785
2020-08-22,0.0,92604.77285714287,-111542.93456672598,18938.161709583102
2020-08-23,0.0,84738.14714285717,-100977.26519854026,16239.118055683095
2020-08-24,148880.91000000006,85891.60714285712,43850.4095355246,19138.893321618343
2020-08-25,10085.95,78365.00285714283,38414.599230450534,-106693.65208759336
2020-08-26,15861.21,78365.00285714283,41795.18525610053,-104298.97811324336
2020-08-27,307852.60999999975,78365.00285714283,67658.82526623465,161828.7818766223
2020-08-28,65874.34,75458.95571428568,20801.18047695594,-30385.79619124162
2020-08-29,0.0,82732.63285714283,-111542.93456672598,28810.301709583146
2020-08-30,0.0,127631.65999999997,-100977.26519854026,-26654.39480145971
2020-08-31,128538.58000000006,99579.11571428571,43850.4095355246,-14890.945249810255
2020-09-01,61001.69000000001,137661.18714285715,38414.599230450534,-115074.09637330768
2020-09-02,330154.4,137661.18714285715,41795.18525610053,150698.02760104235
2020-09-03,111484.79999999999,137661.18714285715,67658.82526623465,-93835.21240909181
2020-09-04,332448.84,148436.98857142858,20801.18047695594,163210.6709516155
2020-09-05,0.0,139722.6042857143,-111542.93456672598,-28179.669718988327
2020-09-06,0.0,126550.98285714282,-100977.26519854026,-25573.71765860256
2020-09-07,203969.19,147765.8971428571,43850.4095355246,12352.88332161829
2020-09-08,1.0,273948.2314285714,38414.599230450534,-312361.8306590219
2020-09-09,237953.04999999987,273948.2314285714,41795.18525610053,-77790.36668467204
2020-09-10,259989.2,273948.2314285714,67658.82526623465,-81617.85669480603
2020-09-11,1215725.1800000002,254969.83,20801.18047695594,939954.1695230443
2020-09-12,0.0,271085.8257142857,-111542.93456672598,-159542.89114755974
2020-09-13,0.0,263094.72000000003,-100977.26519854026,-162117.45480145977
2020-09-14,71120.37999999999,251047.86285714287,43850.4095355246,-223777.89239266748
2020-09-15,112812.97,84011.93714285715,38414.599230450534,-9613.56637330768
2020-09-16,182015.30999999994,84011.93714285715,41795.18525610053,56208.187601042264
2020-09-17,175661.20000000004,84011.93714285715,67658.82526623465,23990.437590908245
2020-09-18,46473.700000000004,90929.95142857142,20801.18047695594,-65257.43190552736
2020-09-19,0.0,107879.05857142857,-111542.93456672598,3663.875995297407
2020-09-20,0.0,93086.17142857144,-100977.26519854026,7891.093769968822
2020-09-21,119546.48000000001,327196.65142857144,43850.4095355246,-251500.58096409604
2020-09-22,231456.72000000003,333494.3271428572,38414.599230450534,-140452.20637330768
2020-09-23,78465.09999999999,333494.3271428572,41795.18525610053,-296824.41239895776
2020-09-24,1814434.56,333494.3271428572,67658.82526623465,1413281.4075909082
2020-09-25,90557.43000000004,347104.0628571429,20801.18047695594,-277347.8133340988
2020-09-26,0.0,374790.72714285715,-111542.93456672598,-263247.7925761312
2020-09-27,0.0,364361.88714285713,-100977.26519854026,-263384.6219443169
2020-09-28,214814.63000000003,123957.98142857144,43850.4095355246,47006.23903590399
2020-09-29,425263.37,153080.91714285716,38414.599230450534,233767.85362669232
2020-09-30,5463.219999999999,153545.14571428573,41795.18525610053,-189877.11097038625
2020-10-01,131607.22,153545.14571428573,67658.82526623465,-89596.75098052037
2020-10-02,294417.98,153791.9271428571,20801.18047695594,119824.87238018693
2020-10-03,3249.6,134596.97999999998,-111542.93456672598,-19804.445433274
2020-10-04,0.0,141892.6257142857,-100977.26519854026,-40915.360515745444
2020-10-05,216542.09999999998,229260.49142857135,43850.4095355246,-56568.80096409597
2020-10-06,290898.74,188101.3114285714,38414.599230450534,64382.829340978045
2020-10-07,56532.740000000005,187637.0828571428,41795.18525610053,-172899.52811324332
2020-10-08,743182.2799999997,187637.0828571428,67658.82526623465,487886.37187662226
2020-10-09,6303.719999999999,156702.49714285712,20801.18047695594,-171199.95761981304
2020-10-10,0.0,124493.19142857139,-111542.93456672598,-12950.25686184541
2020-10-11,0.0,209141.81285714282,-100977.26519854026,-108164.54765860256
2020-10-12,0.0,170321.03999999998,43850.4095355246,-214171.4495355246
2020-10-13,65433.6,213085.01,38414.599230450534,-186066.00923045055
2020-10-14,649073.0900000001,213085.01,41795.18525610053,394192.8947438995
2020-10-15,471436.8699999999,213085.01,67658.82526623465,190693.03473376523
2020-10-16,305651.51,222635.80285714287,20801.18047695594,62214.5266659012
2020-10-17,0.0,216383.09714285715,-111542.93456672598,-104840.16257613117
2020-10-18,0.0,145146.29285714283,-100977.26519854026,-44169.02765860257
2020-10-19,66855.54999999997,123611.25428571427,43850.4095355246,-100606.11382123889
2020-10-20,21664.660000000003,96736.3,38414.599230450534,-113486.23923045053
2020-10-21,150415.46000000002,96736.3,41795.18525610053,11883.97474389949
2020-10-22,320691.6,96736.3,67658.82526623465,156296.47473376535
2020-10-23,117526.83000000003,116624.63428571429,20801.18047695594,-19898.984762670196
2020-10-24,0.0,117599.00714285715,-111542.93456672598,-6056.072576131177
2020-10-25,0.0,209366.49714285717,-100977.26519854026,-108389.23194431691
2020-10-26,206073.89000000004,181643.31142857144,43850.4095355246,-19419.830964096
2020-10-27,28485.270000000004,176354.84428571427,38414.599230450534,-186284.17351616477
2020-10-28,792787.89,176354.84428571427,41795.18525610053,574637.8604581852
2020-10-29,126629.3,176354.84428571427,67658.82526623465,-117384.36955194891
2020-10-30,80507.56,179919.71857142856,20801.18047695594,-120213.3390483845
2020-10-31,0.0,204156.4614285714,-111542.93456672598,-92613.52686184543
2020-11-01,0.0,106460.78,-100977.26519854026,-5483.514801459736
2020-11-02,231028.01,111207.53571428571,43850.4095355246,75970.06475018969
2020-11-03,198142.47000000003,121141.04,38414.599230450534,38586.8307695495
2020-11-04,108918.11999999998,121141.04,41795.18525610053,-54018.10525610054
2020-11-05,159856.58999999994,165767.94285714286,67658.82526623465,-73570.17812337757
2020-11-06,150042.09000000003,170503.50714285712,20801.18047695594,-41262.59761981304
2020-11-07,0.0,144298.67999999996,-111542.93456672598,-32755.745433273987
2020-11-08,312388.32000000007,134066.06285714282,-100977.26519854026,279299.5223413975
2020-11-09,264176.9599999999,180999.06428571427,43850.4095355246,39327.486178761035
2020-11-10,14708.679999999998,215633.66428571424,38414.599230450534,-239339.5835161648
2020-11-11,37289.79999999998,215633.66428571424,41795.18525610053,-220139.04954181478
2020-11-12,488387.6,171006.7614285714,67658.82526623465,249722.01330519392
2020-11-13,392484.2899999999,234671.21857142856,20801.18047695594,137011.8909516154
2020-11-14,0.0,264200.77714285714,-111542.93456672598,-152657.84257613117
2020-11-15,0.0,258873.66285714286,-100977.26519854026,-157896.3976586026
2020-11-16,709828.16,228310.3414285714,43850.4095355246,437667.40903590404
2020-11-17,221415.59000000014,235259.79285714283,38414.599230450534,-52258.80208759323
2020-11-18,0.0,235259.79285714283,41795.18525610053,-277054.97811324336
2020-11-19,274444.34999999986,235259.79285714283,67658.82526623465,-28474.268123377624
2020-11-20,441130.4499999999,146929.59857142853,20801.18047695594,273399.67095161544
2020-11-21,0.0,117565.77142857139,-111542.93456672598,-6022.8368618454115
2020-11-22,0.0,138049.53142857138,-100977.26519854026,-37072.26623003112
2020-11-23,91516.79999999999,125631.71714285709,43850.4095355246,-77965.32667838171
2020-11-24,15868.8,65334.68714285712,38414.599230450534,-87880.48637330765
2020-11-25,143386.31999999995,65334.68714285712,41795.18525610053,36256.4476010423
2020-11-26,187519.64999999988,65334.68714285712,67658.82526623465,54526.13759090811
2020-11-27,19051.239999999998,73813.84285714282,20801.18047695594,-75563.78333409876
2020-11-28,0.0,141205.5685714286,-111542.93456672598,-29662.634004702617
2020-11-29,0.0,159137.69,-100977.26519854026,-58160.42480145974
2020-11-30,150870.89,198466.05142857146,43850.4095355246,-91445.57096409606
2020-12-01,487610.8800000002,207389.45142857145,38414.599230450534,241806.82934097823
2020-12-02,268911.17,207389.45142857145,41795.18525610053,19726.533315328
2020-12-03,462818.18000000005,207389.45142857145,67658.82526623465,187769.90330519393
2020-12-04,81515.04,185836.46714285717,20801.18047695594,-125122.60761981312
2020-12-05,0.0,136046.85571428572,-111542.93456672598,-24503.92114755974
2020-12-06,0.0,121927.20285714285,-100977.26519854026,-20949.93765860259
2020-12-07,0.0,118485.49428571432,43850.4095355246,-162335.90382123893
2020-12-08,139083.60000000003,106840.4885714286,38414.599230450534,-6171.487801879106
2020-12-09,170073.6,106840.4885714286,41795.18525610053,21437.92617247087
2020-12-10,438726.22000000026,106840.4885714286,67658.82526623465,264226.906162337
2020-12-11,0.0,204531.11571428576,20801.18047695594,-225332.2961912417
2020-12-12,0.0,192438.92142857146,-111542.93456672598,-80895.98686184548
2020-12-13,0.0,230923.30857142858,-100977.26519854026,-129946.04337288832
2020-12-14,683834.3900000001,244031.90571428573,43850.4095355246,395952.0747501898
2020-12-15,54438.240000000005,244031.90571428573,38414.599230450534,-228008.26494473626
2020-12-16,439464.30999999994,244031.90571428573,41795.18525610053,153637.21902961368
2020-12-17,530486.4000000001,244031.90571428573,67658.82526623465,218795.66901947977
2020-12-18,0.0,183200.67,20801.18047695594,-204001.85047695594
2020-12-19,0.0,299731.5728571429,-111542.93456672598,-188188.63829041691
2020-12-20,0.0,274310.19142857136,-100977.26519854026,-173332.9262300311
2020-12-21,258015.73999999996,198526.41999999993,43850.4095355246,15638.910464475433
2020-12-22,870154.5600000002,198526.41999999993,38414.599230450534,633213.5407695497
2020-12-23,261514.63999999926,198526.41999999993,41795.18525610053,21193.034743898803
2020-12-24,0.0,198526.41999999993,67658.82526623465,-266185.24526623456
2020-12-25,0.0,161667.0285714285,20801.18047695594,-182468.20904838445
2020-12-26,0.0,50239.0057142856,-111542.93456672598,61303.928852440375
2020-12-27,0.0,12879.771428571426,-100977.26519854026,88097.49376996883
2020-12-28,0.0,12879.771428571426,43850.4095355246,-56730.18096409603
2020-12-29,90158.4,12879.771428571426,38414.599230450534,38864.02934097803
2020-12-30,0.0,12879.771428571426,41795.18525610053,-54674.95668467195
2020-12-31,0.0,12879.771428571426,67658.82526623465,-80538.59669480608
2021-01-01,0.0,119392.36285714286,20801.18047695594,-140193.5433340988
2021-01-02,0.0,116820.24857142857,-111542.93456672598,-5277.314004702595
2021-01-03,0.0,154228.70571428572,-100977.26519854026,-53251.44051574546
2021-01-04,745588.14,185175.16999999998,43850.4095355246,516562.56046447536
2021-01-05,72153.6,193859.44857142857,38414.599230450534,-160120.44780187908
2021-01-06,261859.19999999995,237464.70571428575,41795.18525610053,-17400.690970386328
2021-01-07,216625.24999999994,237464.70571428575,67658.82526623465,-88498.28098052046
2021-01-08,60789.95000000004,135452.3742857143,20801.18047695594,-95463.60476267019
2021-01-09,305236.8000000002,205903.41142857145,-111542.93456672598,210876.32313815475
2021-01-10,0.0,272473.6242857143,-100977.26519854026,-171496.35908717403
2021-01-11,31501.820000000003,263902.66142857145,43850.4095355246,-276251.25096409605
2021-01-12,565310.86,281351.7128571428,38414.599230450534,245544.54791240668
2021-01-13,727850.6899999998,237746.45571428564,41795.18525610053,448309.04902961367
2021-01-14,156628.50999999992,299267.17285714275,67658.82526623465,-210297.4881233775
2021-01-15,182933.30999999985,299957.0157142856,20801.18047695594,-137824.88619124168
2021-01-16,0.0,304947.0442857142,-111542.93456672598,-193404.10971898824
2021-01-17,430645.0199999998,275834.95142857137,-100977.26519854026,255787.33376996868
2021-01-18,36330.72,257104.7157142857,43850.4095355246,-264624.4052498103
2021-01-19,600241.0600000002,249846.21142857143,38414.599230450534,311980.2493409782
2021-01-20,524066.04000000015,249846.21142857143,41795.18525610053,232424.6433153282
2021-01-21,25516.859999999997,188325.49428571435,67658.82526623465,-230467.459551949
2021-01-22,132123.78,206143.26285714292,20801.18047695594,-94820.66333409886
2021-01-23,0.0,127624.22714285718,-111542.93456672598,-16081.292576131207
2021-01-24,0.0,168662.31428571438,-100977.26519854026,-67685.04908717412
2021-01-25,161055.10000000012,168501.14857142867,43850.4095355246,-51296.45810695315
2021-01-26,50607.810000000005,158859.23428571437,38414.599230450534,-146666.02351616492
2021-01-27,811332.6500000006,158859.23428571437,41795.18525610053,610678.2304581858
2021-01-28,24388.699999999993,158859.23428571437,67658.82526623465,-202129.35955194902
2021-01-29,64630.38,226930.07142857154,20801.18047695594,-183100.87190552749
2021-01-30,0.0,225437.93571428585,-111542.93456672598,-113895.00114755987
2021-01-31,0.0,161919.8428571429,-100977.26519854026,-60942.57765860265
2021-02-01,637550.9600000004,254077.85142857156,43850.4095355246,339622.69903590425
2021-02-02,40162.86,244844.94000000012,38414.599230450534,-243096.67923045065
2021-02-03,366706.0,244844.94000000012,41795.18525610053,80065.87474389936
2021-02-04,669494.7600000006,244844.94000000012,67658.82526623465,356990.99473376584
2021-02-05,0.0,275534.29000000015,20801.18047695594,-296335.4704769561
2021-02-06,0.0,287527.002857143,-111542.93456672598,-175984.06829041702
2021-02-07,0.0,280285.8057142858,-100977.26519854026,-179308.54051574555
2021-02-08,852376.4100000005,205523.9228571429,43850.4095355246,603002.0776073331
2021-02-09,124111.85,217051.13428571433,38414.599230450534,-131353.88351616485
2021-02-10,316017.6199999998,217051.13428571433,41795.18525610053,57171.30045818496
2021-02-11,146161.58000000002,217051.13428571433,67658.82526623465,-138548.37955194898
2021-02-12,80690.48,95283.07571428569,20801.18047695594,-35393.77619124163
2021-02-13,0.0,91573.67142857141,-111542.93456672598,19969.263138154565
2021-02-14,0.0,47740.34285714286,-100977.26519854026,53236.9223413974
2021-02-15,0.0,76844.91857142858,43850.4095355246,-120695.32810695318
2021-02-16,98146.02,150944.17857142855,38414.599230450534,-91212.75780187908
2021-02-17,9184.32,150944.17857142855,41795.18525610053,-183555.04382752907
2021-02-18,349893.61000000016,150944.17857142855,67658.82526623465,131290.60616233695
2021-02-19,599385.2999999997,194662.34857142856,20801.18047695594,383921.7709516152
2021-02-20,0.0,211291.53714285712,-111542.93456672598,-99748.60257613115
2021-02-21,0.0,265491.28571428574,-100977.26519854026,-164514.02051574548
2021-02-22,306027.1900000002,255364.47142857144,43850.4095355246,6812.309035904131
2021-02-23,214550.34,242904.45142857148,38414.599230450534,-66768.71065902202
2021-02-24,388582.56000000006,242904.45142857148,41795.18525610053,103882.92331532805
2021-02-25,279005.91000000015,242904.45142857148,67658.82526623465,-31557.366694805984
2021-02-26,512165.16000000015,273672.9642857144,20801.18047695594,217691.01523732982
2021-02-27,0.0,329559.27142857155,-111542.93456672598,-218016.33686184557
2021-02-28,0.0,319410.0485714287,-100977.26519854026,-218432.78337288843
2021-03-01,521406.7800000005,284410.8400000001,43850.4095355246,193145.5304644758
2021-03-02,605754.4900000002,295101.3342857144,38414.599230450534,272238.55648383533
2021-03-03,317538.0,295101.3342857144,41795.18525610053,-19358.5195418149
2021-03-04,34011.450000000004,295101.3342857144,67658.82526623465,-328748.709551949
2021-03-05,586998.6199999999,233265.25,20801.18047695594,332932.1895230439
2021-03-06,0.0,210109.1728571429,-111542.93456672598,-98566.23829041692
2021-03-07,0.0,211535.81000000006,-100977.26519854026,-110558.5448014598
2021-03-08,88554.18999999999,337611.54857142863,43850.4095355246,-292907.76810695324
2021-03-09,443661.9500000006,314605.1300000001,38414.599230450534,90642.22076954994
2021-03-10,327524.45999999996,314605.1300000001,41795.18525610053,-28875.855256100687
2021-03-11,916541.6200000002,314605.1300000001,67658.82526623465,534277.6647337654
2021-03-12,425953.69,345963.27142857155,20801.18047695594,59189.238094472516
2021-03-13,0.0,293836.1357142857,-111542.93456672598,-182293.20114755974
2021-03-14,0.0,332853.48714285716,-100977.26519854026,-231876.2219443169
2021-03-15,308061.17999999993,266448.4699999999,43850.4095355246,-2237.6995355245817
2021-03-16,78772.0,321223.24428571423,38414.599230450534,-280865.84351616475
2021-03-17,600645.92,321223.24428571423,41795.18525610053,237627.4904581853
2021-03-18,451706.49999999977,321223.24428571423,67658.82526623465,62824.43044805089
2021-03-19,809377.1100000002,331304.32428571425,20801.18047695594,457271.60523733
2021-03-20,0.0,328071.71142857143,-111542.93456672598,-216528.77686184546
2021-03-21,0.0,242265.1514285714,-100977.26519854026,-141287.88623003114
2021-03-22,378628.73999999993,185668.79714285716,43850.4095355246,149109.53332161816
2021-03-23,56143.710000000065,216001.17142857146,38414.599230450534,-198272.0606590219
2021-03-24,0.0,216001.17142857146,41795.18525610053,-257796.35668467198
2021-03-25,55532.02000000004,216001.17142857146,67658.82526623465,-228127.97669480607
2021-03-26,1021703.7300000003,232525.91857142863,20801.18047695594,768376.6309516157
2021-03-27,0.0,323157.61714285717,-111542.93456672598,-211614.6825761312
2021-03-28,0.0,343294.60857142863,-100977.26519854026,-242317.34337288837
2021-03-29,494301.97000000003,335361.4628571429,43850.4095355246,115090.09760733251
2021-03-30,690565.6000000001,189403.78714285715,38414.599230450534,462747.2136266924
2021-03-31,140958.94000000012,189403.78714285715,41795.18525610053,-90240.03239895756
2021-04-01,0.0,189403.78714285715,67658.82526623465,-257062.6124090918
2021-04-02,0.0,150479.46571428576,20801.18047695594,-171280.64619124169
2021-04-03,0.0,179380.68428571447,-111542.93456672598,-67837.74971898849
2021-04-04,0.0,219091.80428571446,-100977.26519854026,-118114.5390871742
2021-04-05,221831.72000000018,267349.2542857145,43850.4095355246,-89367.9438212389
2021-04-06,892874.130000001,270951.85714285733,38414.599230450534,583507.6736266932
2021-04-07,418936.77999999997,270951.85714285733,41795.18525610053,106189.73760104211
2021-04-08,337802.1499999999,270951.85714285733,67658.82526623465,-808.5324090920767
2021-04-09,25218.22,473729.3600000001,20801.18047695594,-469312.3204769561
2021-04-10,0.0,351968.8642857142,-111542.93456672598,-240425.92971898825
2021-04-11,0.0,382722.4514285713,-100977.26519854026,-281745.1862300311
2021-04-12,1641274.2399999998,373098.00571428565,43850.4095355246,1224325.8247501894
2021-04-13,40550.66,384884.0785714284,38414.599230450534,-382748.0178018789
2021-04-14,634211.8899999999,388827.977142857,41795.18525610053,203588.7276010424
2021-04-15,270431.0299999999,388827.977142857,67658.82526623465,-186055.7724090917
2021-04-16,107720.73000000001,247263.64285714284,20801.18047695594,-160344.09333409875
2021-04-17,27607.289999999994,387050.2557142857,-111542.93456672598,-247900.03114755976
2021-04-18,0.0,324710.39571428567,-100977.26519854026,-223733.1305157454
2021-04-19,650323.9,355064.5799999999,43850.4095355246,251408.9104644755
2021-04-20,1019056.9500000001,339675.9042857142,38414.599230450534,640966.4464838353
2021-04-21,197832.87000000002,335732.0057142856,41795.18525610053,-179694.3209703861
2021-04-22,482910.3199999995,335732.0057142856,67658.82526623465,79519.48901947924
2021-04-23,0.0,308385.6514285714,20801.18047695594,-329186.83190552733
2021-04-24,0.0,240211.08999999985,-111542.93456672598,-128668.15543327387
2021-04-25,0.0,234700.45714285702,-100977.26519854026,-133723.19194431676
2021-04-26,458899.4199999999,257287.43454081193,43850.4095355246,157761.5759236634
2021-04-27,541835.0199999999,244758.8747959137,38414.599230450534,258661.5459736357
2021-04-28,159258.44,232230.3150510136,41795.18525610053,-114767.06030711412
